"NOMBRE","CODIGO","STOCK","PRECIO","MIN","PROVEEDOR","MARCA"
"9 de Oro agridulce x200g","8975560313752","187","950.00","0","",""
"9 de oro azucarada x200g","1069025437135","51","950.00","0","",""
"9 de Oro clasicas x200g","9027311456223","279","950.00","0","",""
"9 de Oro Cookies blancos x120g","2690742773744","0","700.00","0","",""
"9 de Oro Cookies chips x120g","5716047034468","0","700.00","0","",""
"9 de Oro Cookies colores x120g","3818470589465","0","700.00","0","",""
"9 de oro salvado x200g","7256424534556","0","650.00","0","",""
"Above Repelente x150ml","4419568357822","38","4570.00","0","",""
"Aceite Alsamar x900","1032025003665","0","1100.00","0","",""
"Aceite Cañuelas x1,5l","1506547995872","0","2550.00","0","",""
"Aceite Legitimo x900","5798563767833","0","1590.00","0","",""
"Actron 400mg tableta x10u","4139863714008","17","2370.00","0","",""
"Actron 600mg tableta x10u","3709469858858","16","6800.00","0","",""
"Actron Plus 400 tableta x8u","2894251549490","0","3280.00","0","",""
"Afeitadora Geeleete 3 filos x24u","5661646311373","13","10780.00","0","",""
"Afeitadoras Bic 3","1117973651721","14","1000.00","0","",""
"Alfajor Aguila Minitorta Brownie x72g","5214503272409","0","1280.00","0","",""
"Alfajor arroz Lulemuu x12u","9573129759444","11","7150.00","0","",""
"Alfajor Barrigon Blanco x10u","9625592859512","1","13100.00","0","",""
"Alfajor Barrigon Negro x10u","4341694994592","0","13100.00","0","",""
"Alfajor Bon o Bon simple x40g","1135988679529","21","630.00","0","",""
"Alfajor Capitan Espacio SIMPLE","9781351844097","116","1200.00","0","",""
"Alfajor Capitan Espacio TRIPLE","8753675431272","0","1890.00","0","",""
"Alfajor Escolar x60u surtido","5424431491871","0","9500.00","0","",""
"Alfajor Fantoche cuadruple x12","8404793149871","0","13200.00","0","",""
"Alfajor Fantoche mini blan x6u","2406852507102","0","1490.00","0","",""
"Alfajor Fantoche mini negr x6u","4577630806948","43","1490.00","0","",""
"Alfajor Fantoche Mini x18u","5291250499375","0","1081.21","0","",""
"Alfajor Fantoche triple x24u","4757218091107","17","16370.00","0","",""
"Alfajor Fulbito x40u","6565191548073","0","6690.00","0","",""
"Alfajor Guaymallen Oro x24u","4597223899122","0","6846.53","0","",""
"Alfajor Guaymallen simple x40u","5335965510175","0","10800.00","0","",""
"Alfajor Guaymallen triple x24u","4041615223711","8","10800.00","0","",""
"Alfajor Gula blanco unidad","9372865451695","1","1080.00","0","",""
"Alfajor Gula negro unidad","3832187500065","0","1080.00","0","",""
"Alfajor Guliver triple x24u","4985658399711","34","7300.00","0","",""
"Alfajor Jorgelin triple","3235405106749","0","8900.48","0","",""
"Alfajor Jorgito simple","7846072295986","0","7120.39","0","",""
"Alfajor Juana la loca blanco x10u","5001701660090","1","17400.00","0","",""
"Alfajor Juana la loca chocolate con merengue x10u","8769512078375","0","17400.00","0","",""
"Alfajor Juana La Loca chocolate x10u","6909825155155","0","16800.00","0","",""
"Alfajor Juana La Loca Clasico Blanco x80g x24u","9983097481739","0","28500.00","0","",""
"Alfajor Juana La Loca Clasico Negro x80g x24u","8163244098327","1","28500.00","0","",""
"Alfajor La Recova 60gx24u","1629253578355","0","13820.00","0","",""
"Alfajor Maradona x 24 u","9608672591129","0","14500.00","0","",""
"Alfajor Marley x20u","1342317469758","0","20600.00","0","",""
"Alfajor Milka 3 Dulce de Leche x70g","3773848352080","0","1040.00","0","",""
"Alfajor Milka 3 Mousse blanco x55g","2659726790375","46","1160.00","0","",""
"Alfajor Milka 3 Mousse x55g","4479450541388","0","1200.00","0","",""
"Alfajor Milka 3 torta Oreo x61g","2015248152253","0","1160.00","0","",""
"Alfajor Mogy simple x40u","8886925452481","0","9900.00","0","",""
"Alfajor OREO triple x56g","3048676381746","32","1160.00","0","",""
"Alfajor Pepitos x57g","5469876219262","0","1040.00","0","",""
"Alfajor Rasta x18u","2808628939528","0","18500.00","0","",""
"Alfajor Riquito simple x50u","1261159412819","0","6800.00","0","",""
"Alfajor Salchichon Juana La Loca Chocolate x92g x18u","6152715472362","2","30600.00","0","",""
"Alfajor Shot Pasta de Mani simple x44g","4760567190141","78","715.00","0","",""
"Alfajor Sin Culpa x8u","9175064764753","0","8800.00","0","",""
"Alfajor Terrabusi Choco clasico x50g","5687166835099","0","870.00","0","",""
"Alfajor Terrabusi Glaseado x38g","5957587908645","0","870.00","0","",""
"Alfajor Terrabusi Triple clasico x70g","2168736811833","2","1160.00","0","",""
"Alfajor Terrabusi triple torta 70g","4542118904661","0","1200.00","0","",""
"Alfajor triple Fantasio","3225571102304","0","7000.00","0","",""
"Alfajor Trishot x60g","9887560822148","46","1160.00","0","",""
"Alikal sobre","4310407245290","114","720.00","0","",""
"Alka bolsa chico x200g (100u)","1902812955047","0","1830.00","0","",""
"Alka caramelo bolsa x800g","5117146991490","3","8400.00","0","",""
"Almohadita limon x1kg LR","2521083128904","11","6900.00","0","",""
"Almohaditas  Frutilla x1kg LR","7535157052119","13","6350.00","0","",""
"Almohaditas chocolate x1kg LR","1474573906497","0","6820.00","0","",""
"Amoxicilina tableta x500mg x8u","9913901125692","0","1640.00","0","",""
"Anillos DDLN x150g","7813621816656","0","204.20","0","",""
"Anillos DDLN x300g","2129582459270","0","436.33","0","",""
"Anillos de cebolla Juli Croc x70g","2381051372861","86","875.00","0","",""
"Animacion Solitas x400g","5381896899472","0","852.01","0","",""
"Arañas paleta c/ juguete x10u","3562046584820","0","2632.12","0","",""
"Arcor Cereal Mix x20u","5483709901216","0","7450.00","0","",""
"Arcor menta con chocolate car","3201445816220","0","5800.00","0","",""
"Aritos frutales x1kg Los Rusit","2152214180622","22","4800.00","0","",""
"Aros de cebolla Los Rusitos","1533893996567","0","2430.00","0","",""
"Arroz Dominante x1kg","3354014248061","0","1570.00","0","",""
"Arroz Dominante x500g","1326013587157","0","840.00","0","",""
"Arroz Don Marcos x1kg","4361258304272","0","1680.00","0","",""
"Arroz Don Marcos x500g","9739612364288","0","895.00","0","",""
"Aspirinetas TABLETA x14 compr.","5725059108029","6","700.00","0","",""
"Auriculares Inalambricos","1476118200524","0","9500.00","0","",""
"Azucar Dolce x1kg","4997757329067","0","740.00","0","",""
"Azuquita c/ billete x50u Mandu","3482116872746","0","1300.00","0","",""
"Baby doll blister x18x4u","4490842836593","11","10400.00","0","",""
"Baggio Fresh Limone x1500ml","5201741999967","1","5900.00","0","",""
"Baggio Fresh manzana 6x1500ml","6751851817934","0","5165.00","0","",""
"Baggio Fresh manzana 6x600ml","8718402426469","0","3300.00","0","",""
"Baggio Fresh Naranja 6x1500cc","5227431063540","23","5900.00","0","",""
"Baggio Fresh naranja 6x600ml","3506362685907","0","2280.00","0","",""
"Baggio Fresh Pomelo 6x1500cc","3001884001183","127","5900.00","0","",""
"Baggio Fresh pomelo 6x600ml","6853330869926","7","2280.00","0","",""
"Baggio Pronto Durazno x1 litro","9140998905532","0","1190.00","0","",""
"Baggio Pronto Multifruta 18x200cc","8666549833401","146","8100.00","0","",""
"Baggio Pronto Multifruta x1 LITRO","7230036718382","210","1340.00","0","",""
"Baggio Pronto naranja 18x200cc","5125677990440","0","6230.00","0","",""
"Baggio Pronto Naranja x1 litro","3777629381565","0","1175.00","0","",""
"Baggio VIDA Multifrut 6x1500cc","6697937681611","0","5420.00","0","",""
"BanaChoc DDLN x200g","9501340348172","0","247.84","0","",""
"Bananas Fini x500g","7972801027997","0","5250.00","0","",""
"Bananina Felfort 30x15g","2826394894694","0","17370.00","0","",""
"Bananina Split FelFort 30x20g","4652588436301","0","17890.00","0","",""
"Bananita Dolca 16x14g","8729111403987","9","10880.00","0","",""
"Bananita Dolca 16x30g grande","6425246699243","0","18800.00","0","",""
"Barbie Labial x30u","6071426015580","0","10900.00","0","",""
"Barbie Ring Anillos x30u","7100114978743","10","12800.00","0","",""
"Bariloche Bombonett x50u","3227151386638","0","2146.73","0","",""
"Barra cereal Riquito","5552350200767","0","6100.00","0","",""
"Barra de arroz Lulemuu x20u","7276031185586","0","7300.00","0","",""
"Barra de mani crocante lheriti","4829448818782","26","448.97","0","",""
"Barra Smack rell mousse x12u","2790496253484","0","3800.00","0","",""
"Barrita FelFort mani leche 20g","8904806203459","0","2844.84","0","",""
"Basquet Bronco x1u","8811500733768","0","1007.92","0","",""
"Baston navideño bolsa x48u","7654818846086","0","394.01","0","",""
"Batatas Fritas x90g","3643315652814","84","1070.00","0","",""
"Batatas Tryms x60g","2006660916558","0","1000.00","0","",""
"Bay Biscuit x142g","6741871847993","0","188.76","0","",""
"Bayaspirina tableta x10u","8987467416622","4","1660.00","0","",""
"Bebeto Caja de sorpresas de ceramica con golosinas x20u","7254651069736","0","19300.00","0","",""
"Beldent Frutilla x20u","1272852311411","0","10150.00","0","",""
"Beldent Menta Fuerte x20u","8189764853830","0","10150.00","0","",""
"Beldent Menta x20u","6310833114264","9","10150.00","0","",""
"Beldent Mentol x20u","3758446057511","7","10150.00","0","",""
"Beldent Tutti x20u","8682614011503","0","10150.00","0","",""
"Bengalas Candela x4u.","4190797355656","0","1970.00","0","",""
"Benjamin Anillos coco x160g","2965810013527","72","480.00","0","",""
"Benjamin Chips x300g","3590867037489","56","1350.00","0","",""
"Benjamin Nankin vainilla x160g","8558715199209","69","480.00","0","",""
"Benjamin Yabila limon x160g","6415589403638","71","490.00","0","",""
"Bibs con leche 18x40g","3162207982843","0","15120.00","0","",""
"Bichos paleta c/juguete x10u","8799050892343","4","4000.00","0","",""
"Billiken bombonera corazon fru","6492305705885","0","2770.00","0","",""
"Billiken confitado","1025556383336","0","6085.80","0","",""
"Billiken goma citricas x800g","4913749608832","0","4560.00","0","",""
"Billiken goma Mentol x800g","2244778606082","0","4560.00","0","",""
"Billiken goma Tutti x800g","3257249368559","0","4560.00","0","",""
"Billiken goma yogur 12x30g","5887986515866","0","4650.00","0","",""
"Billiken goma Yogur x800g","4527195551140","0","4975.00","0","",""
"Billiken gomas frutal x800g","3875574200135","0","4560.00","0","",""
"Billiken gotita de amor 12x35g","5274700808971","0","1186.80","0","",""
"Billiken mast plegado x300g","1062964842052","0","1100.00","0","",""
"Billiken Party Mix x339g","5000184734646","19","4700.00","0","",""
"Billiken pastilla Punch x60u","7545884052096","0","3300.00","0","",""
"Billiken pote Cream frutilla","3625237325240","5","5700.00","0","",""
"Billiken Ritz x70g","5549622962193","0","317.65","0","",""
"Billiken Yum Yum","5295994322140","0","1675.49","0","",""
"Bit pico dulce caramelo","1377001123563","0","439.82","0","",""
"Biyu x12u","1392407262599","0","13000.00","0","",""
"Bizcochos Alem","9676907848250","0","450.00","0","",""
"Bizcochos La Reina x170g","2190944662452","0","253.07","0","",""
"Blister Cofler Graffiti 12x45g","8106146824838","9","16600.00","0","",""
"Block Miti Miti x170g","6078410945915","0","733.02","0","",""
"Bluper Chicle botellita 6x6u","8844096181577","0","8500.00","0","",""
"Bluper Chicle Cajita Loca x6u","7735444068406","0","1412.77","0","",""
"Bluper chicle huevo 200u","6956058705994","0","9825.60","0","",""
"Bluper chicle Maxi Frutas x30u","9185265299599","0","1588.21","0","",""
"Bluper Pastillero Destapador x6u","9736151018944","13","17700.00","0","",""
"Bluper Smartphone 4x4u","5992875909600","0","7750.00","0","",""
"Bocadito ddl x52u Lheritier","4200828869812","0","3500.00","0","",""
"Bocadito dulce de leche Lherit","4525199019499","0","897.97","0","",""
"Bocadito FelFort De a 2 cereal 20ux12g","1610924807775","7","18000.00","0","",""
"Bocadito Obli Bon x36u","8862246108814","0","6235.00","0","",""
"Bola loca tarro x 24u","6897522110652","0","3550.00","0","",""
"Bolillas Tinka Campeones x15u","9452384436883","50","3230.00","0","",""
"Bolillas Tinka x100u","1049382324384","5","1690.00","0","",""
"Bolita licor Palmesano pote","8267678670773","0","13570.00","0","",""
"Bolita Media Hora","8876645689848","2","11800.00","0","",""
"Bolitas Chocolate x1kg Los Rus","4988053697240","29","4800.00","0","",""
"Bolitas licor Palmesano x400g","9697480878040","0","6760.00","0","",""
"Bolitas ácidas Marengo x810g","5057464667997","4","2600.00","0","",""
"Bomba de agua comun x50u","3873669618989","0","155.77","0","",""
"Bombitas de agua Candela  x100","1055006559159","153","990.00","0","",""
"Bombon Bel x50u","5073494868375","0","5939.00","0","",""
"Bombon Classic Billiken x60u","7937994653003","4","6200.00","0","",""
"Bombon Corazon Peluche Yosyelan x5u","8852628390415","0","7000.00","0","",""
"Bombon Dancing x50u","6063801500231","3","6550.00","0","",""
"Bombon frutal Billiken x350g","9345291155711","0","3200.00","0","",""
"Bombon Hamlet","1260611418486","0","6270.00","0","",""
"Bombon Nestle display x250g","8970421409612","0","861.31","0","",""
"Bombon Nestle especialidades","2602141446415","0","5510.00","0","",""
"Bombon Obli Bon x30u","9155631602192","4","5780.00","0","",""
"Bombon Peluche Yosyelan cajita x12u","5111531529512","0","12000.00","0","",""
"Bombon Plenario licor x350g","1095664135470","0","1134.44","0","",""
"Bombon Plenario licor x700g","9754675259898","0","2600.48","0","",""
"Bombon Seleccion Arcor x229g","6062105176775","0","7930.00","0","",""
"Bombon Surtido Garoto x250g","2617064388622","0","7470.00","0","",""
"Bombon Tokke ddl x30u","7986126932834","0","8400.00","0","",""
"Bombon Vauquita x30u","4360249118926","4","7030.00","0","",""
"Bombucha x100u","3237141248438","0","1159.20","0","",""
"Bonafide Chocman Black","9780684566222","0","8310.00","0","",""
"Bonafide Chocman Clasico x18u","8957695351245","0","8310.00","0","",""
"Bonafide Taza 60% cacao  x100g","8077081128551","0","1740.00","0","",""
"BonoBon COCO 18x15g","6063624902263","0","4500.00","0","",""
"Botella tomate triturado","3625160148063","0","219.91","0","",""
"Botellita chupetin chispas Illumin x24u","2467026027432","3","11800.00","0","",""
"Botellon Uvita tinto 6x1125","1818795683479","12","15800.00","0","",""
"Bubbaloo Frutilla x60u","6316305973324","0","5500.00","0","",""
"Bubbaloo Menta x60u","2605151032292","11","5500.00","0","",""
"Bubbaloo Tutti x60u","4765906812117","14","5500.00","0","",""
"Bubbaloo Uva x60u","6715204179874","4","5500.00","0","",""
"Bubble Roll x8u","6131475309330","0","14550.00","0","",""
"Bucoangin x9u","1319147496769","3","1950.00","0","",""
"Budin Bonafide x200g","7119976746423","0","750.00","0","",""
"Budin Dos en uno x150g","2035855950922","0","496.80","0","",""
"Budin Fantasia Nevares chocolate x180g","7505201692502","5","1350.00","0","",""
"Budin Fantasia Nevares limon x180g","9582690528873","0","1350.00","0","",""
"Budin Fantasio chocolate con chips negros x200g","3101006509865","194","1500.00","0","",""
"Budin Fantasio fruta x200g","6251022963654","193","1500.00","0","",""
"Budin Fantasio marmolado x200g","9958880993409","181","1500.00","0","",""
"Budin Fantasio vainilla con chips x200g","1832620689776","188","1500.00","0","",""
"Budin Fantoche chips x220g","5128309942630","6","1700.00","0","",""
"Budin Fantoche frutas x200g","1180407398273","10","1700.00","0","",""
"Budin Fantoche Marmolado x200g","4457682271279","1","1700.00","0","",""
"Budin Fantoche sin frutas x220g","1941504709922","8","1700.00","0","",""
"Budin Ivette","6718533966338","0","119.11","0","",""
"Budin Lanin chips x170g","5813350712137","0","1050.00","0","",""
"Budin Lanin marmolado x170g","9842909930607","0","1050.00","0","",""
"Budin Lanin vainilla x170g","6976596841571","0","1050.00","0","",""
"Buffys 6x20g trenza corazon","9515402175166","0","311.53","0","",""
"Buffys Gol Pelota choc 6x26g","5514912938976","0","3910.00","0","",""
"Buffys Jungle choc x24u","7865882533444","9","4720.00","0","",""
"Buffys Simpson 12x30g","5508081305416","0","2920.00","0","",""
"Buffys Stick 32x12g","8907686923132","11","5590.00","0","",""
"Buffys Stick Display","7358864329493","0","1980.91","0","",""
"Buffys x200g","5258826416758","0","1790.00","0","",""
"Bulldog cable chico","9134478979575","0","2260.44","0","",""
"Bulldog cintas acidas x60g","5605415681693","34","570.00","0","",""
"Bulldog Crazy  x10u","3534032388906","8","5450.00","0","",""
"Bulldog goma Regaliz cable pote x360g","7736165545313","27","5600.00","0","",""
"Bulldog goma rollito acido x12","4945930501401","0","3750.00","0","",""
"Bulldog Huesitos 12x30g","5440572664561","11","4400.00","0","",""
"Bulldog MiniRegaliz x500g","8357133679509","2","4330.00","0","",""
"Bulldog Pastilla x12u.","6148936711526","0","4150.00","0","",""
"Bulldog regaliz 12x18g","7448829206806","0","3100.00","0","",""
"Bulldog Regaliz bolsa x75g PICANTE","7778800994026","55","830.00","0","",""
"Bulldog regaliz cable x600 gde","4526173742217","0","4595.40","0","",""
"Bulldog Regaliz cable x75g","1697914552739","229","870.00","0","",""
"Bulldog Regaliz ROLL x24u","3655806418593","20","13200.00","0","",""
"Buscapina Duo tableta x10u","7325798456930","21","6300.00","0","",""
"Buzzycroc chicle relleno","6249001779570","10","2070.00","0","",""
"Cadburys Intense 12x25g","4365779042329","0","4260.70","0","",""
"Cadburys Yogur frutilla x162g","3236152659366","0","4330.00","0","",""
"Cafe Sensaciones saq int. x18u","3646552675657","0","3360.00","0","",""
"Caja navideña","9782540162365","0","4886.83","0","",""
"Cajita de chicles Gaseosas x30u","4719034022167","23","20000.00","0","",""
"Cajita de chicles Gaseosas x30u","1862216162574","14","20000.00","0","",""
"Caloventor 2000w","2313523938325","9","29000.00","0","",""
"Candy Port chupetin anillo Tutti x500g","7150452780180","5","14600.00","0","",""
"Candy Port chupetin masticable yogur x30u","9263106428979","0","16480.00","0","",""
"Candy Port chupetin Pizza x30u","7777543392153","0","16400.00","0","",""
"Candy Port Crema Bumper x12x12g","1628964244656","16","19900.00","0","",""
"Candy Port Crema Choki 12x12g","1291512128024","17","19900.00","0","",""
"Candy Port Crema Halfie x12u","9107830049208","12","19900.00","0","",""
"Candy Port Emoji Pop x30u","3244723408213","9","14800.00","0","",""
"Candy Port Goma Frutitas x30u","7877758134794","9","12200.00","0","",""
"Candy Port Papas Fritas x30u","4933575566286","5","16400.00","0","",""
"Candy Port patita chispas x24u","9469501088254","0","12520.00","0","",""
"Candy Port Pincho de frutilla x30u","6644614773649","0","14800.00","0","",""
"Candy Port polvo acido botella x30u","5898143020331","10","12300.00","0","",""
"Candy Toys botella x30u","9971538651778","0","13400.00","0","",""
"Candy Toys cajita x30u","8817762281307","0","11550.00","0","",""
"Candy Toys Hombre araña x30u","8186501446289","0","12200.00","0","",""
"Candy Toys latita x30u","7072092458843","0","14080.00","0","",""
"Candy Toys Oso saltarin x30u","7045853065565","4","13084.48","0","",""
"Candy Toys x30u","1461092013595","0","10180.00","0","",""
"Canuto c/billete Paysandu x50u","2684238034058","0","1150.00","0","",""
"Canuto vaso emoticon x40u","7923081459545","7","3300.00","0","",""
"Canuto vaso Hombre araña x40u","3786240087070","17","3300.00","0","",""
"Canuto vaso princesa x40u","6406075941922","11","3300.00","0","",""
"Capibara Colgante","9575982889312","10","7500.00","0","",""
"Caramelo Acido Pinta Boca Dra Loka x30u","5952926697034","0","14400.00","0","",""
"Caramelo bolita Marengo x454g","2377147035735","10","2910.00","0","",""
"Caramelo Brazilian Coffee cafe bolsa x500g","8944496987580","0","5000.00","0","",""
"Caramelo cafe marengo x100g.","5870337261588","0","91.63","0","",""
"Caramelo duro Pico Dulce x90u","4160543240709","6","5120.00","0","",""
"Caramelo Florestal lata redonda sin azucar x40g","5534109042502","0","2800.00","0","",""
"Caramelo Florestal lata x40g bala corazon","5716986295271","0","3600.00","0","",""
"Caramelo Malvavisco Brocheta x30u","4252772929732","0","11500.00","0","",""
"Cascarones Los Rusitos","8271772283344","0","4650.00","0","",""
"Cascarones Los Rusitos x1kg","5428857008601","6","8900.00","0","",""
"Cascarones x1kg. Oritas","4945121399698","15","9800.00","0","",""
"Catch Pop x8u.","8749823610959","0","9273.60","0","",""
"Catz Pop x6u","6819816781094","0","11870.00","0","",""
"Celosas x350g.","8056241469234","0","331.62","0","",""
"Cereal azucarado x1kg Los Rusi","8085548982957","0","3400.00","0","",""
"Cereal Fort 24x19g","3168713615794","0","14960.00","0","",""
"Chalitas Pancetas Oritas","4695563681392","0","6000.00","0","",""
"Chicken Chat","9078642986303","0","1231.66","0","",""
"Chicle Alka plegado fruta","7002716802078","0","3000.00","0","",""
"Chicle Bazooka x80u","4974902794142","14","5850.00","0","",""
"Chicle bolas Zed Candy x975g","1274988953003","1","15870.00","0","",""
"Chicle Gallina Coquita x8u","1715769735740","1","18500.00","0","",""
"Chicle globo Sapito","1959924696427","0","1215.00","0","",""
"Chicle Pico Dulce Acido Power x80u","8217984674416","4","4120.00","0","",""
"Chicle Pico Dulce Tutti x80u","2630700540784","2","4120.00","0","",""
"Chicle Redondito granel","8766742737378","0","1081.21","0","",""
"Chicle Rollo Candy Loka 3 gustos","1766566459701","2","14500.00","0","",""
"Chicles Flics","4312125302214","0","1439.86","0","",""
"Chips de mandioca, batata y papas Juli Croc x90g","8717701597501","76","1090.00","0","",""
"Chips Riquito x340g","7144266971883","0","990.00","0","",""
"Chisitos extra queso x65g","6516751607919","83","686.00","0","",""
"Chisitos queso Juli Croc x80g","6948076260767","0","450.00","0","",""
"Chisitos x1kg Los Rusitos","8450851833975","230","4100.00","0","",""
"Choc. Nestle mani 15ux33g","7094165264098","0","8210.00","0","",""
"Choc. Nestle mani x90g","7549845315861","0","1460.00","0","",""
"Choco Pamela x220g","1049018144002","0","770.00","0","",""
"Chocofan Mini torta x15u","7122548816074","0","4572.23","0","",""
"Chocolatada Latte 18x200cc","5715698573793","153","10600.00","0","",""
"Chocolate Arcor Milk 20x12g","1844427018304","0","5490.00","0","",""
"Chocolate Cadbury Tres Sueños 12x25g","4993168752870","2","14500.00","0","",""
"Chocolate con leche Hersheys x82g","6776429025089","0","1800.00","0","",""
"Chocolate Hamlet x45g","2383152786492","248","600.00","0","",""
"Chocolate Kinder x50gx 4u","8002700508665","4","2500.00","0","",""
"Chocolate leche Minions 24ux12","2003750838604","0","2338.69","0","",""
"Chocolate Mecano relleno x45g","8024093433062","69","1640.00","0","",""
"Chocolate Meltz Pistachios x192g","7408833973646","0","23200.00","0","",""
"Chocolate Misky CRUNCH x25g","1460415216284","0","500.00","0","",""
"Chocolate Misky taza x100g","4636151900900","13","2450.00","0","",""
"Chocolate Misky x25g","1418513572248","544","710.00","0","",""
"Chocolate Misky x50g","6253028914894","53","1350.00","0","",""
"Chocolate Shot x35g","4906582310041","0","150.29","0","",""
"Chocolate Taza Bonafide x100g","2323547858550","0","3500.00","0","",""
"Chocolate Toddy tableta blanco cookies x60g","9601847024654","19","2700.00","0","",""
"Chocolate Toddy tableta chocolate x60g","7862445925929","18","2700.00","0","",""
"Chocolate Toddy tableta mousse x60g","6739178897378","18","2700.00","0","",""
"Chocolate Tokke blanco relleno x72g","4355414462277","101","2200.00","0","",""
"Chocolate Tokke comun x65g","6901032305247","0","296.70","0","",""
"Chocolate Tokke leche y mani x62g","4383842183414","30","1990.00","0","",""
"Chocolate Tokke relleno Dulce de leche x72g","5881453485656","6","1990.00","0","",""
"Chocolate Vizzio x35g","7100793409755","0","109.96","0","",""
"Chocolate Vizzio x85g","5044120426233","0","274.91","0","",""
"Chocolatin Georgalos 40ux8g","4863550610808","0","14670.00","0","",""
"Chocolatin Jack Emoji 20x14g","5024062183019","0","7330.25","0","",""
"Chocolatin Misky x8g.","7812644313821","12","6500.00","0","",""
"ChocoLia x170g","9503765844815","30","900.00","0","",""
"Chocolina choc blanco x245g","1174475707854","33","1630.00","0","",""
"Chup masticable pinta lengua","1715122921481","0","1178.08","0","",""
"Chupelatin FelFort 32x15g","5298059407990","0","4370.65","0","",""
"Chupete Trompito colgante x10u","8253724004634","0","3150.00","0","",""
"Chupetin Bob Esponja x30u","9022253140181","4","19000.00","0","",""
"Chupetin Bola Loca relleno chicle x24u","4530260778491","86","3160.00","0","",""
"Chupetin Doblete Marengo x50u","7424353846413","0","1650.00","0","",""
"Chupetin Florestal Baby corazo","6827615864871","0","610.86","0","",""
"Chupetin Florestal pir/princes","9655761099088","0","698.11","0","",""
"Chupetin frutal Mr Pops x50u","6989085227077","0","5380.00","0","",""
"Chupetin masticable Baby Doll","1640061350811","0","3650.00","0","",""
"Chupetin masticable Fierita Super Tattoo","9576140118484","6","6383.00","0","",""
"Chupetin Masticable Nitro x50u","9741097230558","28","4700.00","0","",""
"Chupetin Mr Pops c chicle x24u","9741472075711","0","4480.00","0","",""
"Chupetin Mr Pops Yogus x50u","6959774941556","0","5600.00","0","",""
"Chupetin Paysandu Conejo x30u","3241109067252","6","15300.00","0","",""
"Chupetin Peccin Blong chicle","4051381430613","0","760.52","0","",""
"Chupetin Pelotitas Lheritier x50u","2312749342542","266","2300.00","0","",""
"Chupetin Topolin sorpresa x10u","6016344487793","0","714.71","0","",""
"Chupetin Trompito Arcor x50u","8848174944353","0","5500.00","0","",""
"Chupeton con aro Manduvi x15u","1477232681227","2","2100.00","0","",""
"Chupetoncito Lheritier","5258057458159","0","4014.17","0","",""
"Cigarrera madera","9785202291581","1","25000.00","0","",""
"Cigarritos Temflor x1kg","5439085478876","0","4275.98","0","",""
"Cintitas Tostex bañadas crema cookies x88gx2u","2855532486155","0","660.00","0","",""
"Cintitas Tostex salame x125g","6977451552351","0","930.00","0","",""
"Clight Anana x20u","2650799085954","0","5300.00","0","",""
"Clight Limonada x20u","5291067551468","24","5300.00","0","",""
"Clight Mandarina x20u","1687536972610","0","5300.00","0","",""
"Clight Manzana deliciosa x20u","4858536556505","23","5300.00","0","",""
"Clight Naranja Dulce x20u","4754884384307","0","5300.00","0","",""
"Clight Naranja Durazno x20u","8565630136432","0","5010.00","0","",""
"Clight Naranja Mango x20u","9714972556127","0","5010.00","0","",""
"Clight Naranja VIT C x20u","9182575326964","10","5300.00","0","",""
"Clight Pomelo amarillo x20u","2141925273244","12","5300.00","0","",""
"Clight Pomelo Rosado x20u","4290757458355","0","5300.00","0","",""
"Clix Mini8 x100u","1846074763264","0","1535.86","0","",""
"Club Social x145g","8635612050722","0","2800.00","0","",""
"Coco Pop x8u","7394710564997","0","10360.36","0","",""
"Cofler aireado x55g","4671624930152","0","733.02","0","",""
"Cofler Block x110g","6746634838519","0","3330.00","0","",""
"Cofler Block x38g","6872948823762","0","1290.00","0","",""
"Conejito FelFort blanco x38g","9959184482490","0","2060.00","0","",""
"Conejito FelFort x38g","6921389667372","0","2060.00","0","",""
"Conejo Bonobon","6105560454390","0","8759.65","0","",""
"Conejo Magico x30u","2585605342774","1","13500.00","0","",""
"Conejo Pascuas Ferrero Rocher","9927036326435","0","1768.43","0","",""
"Conejo Plano Bonafide x60g","6624833727122","0","523.58","0","",""
"Conejo Rocklets x55g","7687692720914","0","8191.55","0","",""
"Conejos Bonafide bolsa x50u","7776768720307","0","3720.00","0","",""
"Confite chocolate Corazonito surtido x500g","2290797167351","7","7500.00","0","",""
"Confite Color Latin x60g","2773384659270","0","570.00","0","",""
"Confite palmesano","8910760475799","0","0.00","0","",""
"Conitos Los Rusitos x1kg","6027007751516","0","8900.00","0","",""
"Conitos x1kg Oritas","9641137438206","2","10800.00","0","",""
"Conix x70g. Juli Croc","8301022337901","114","1109.00","0","",""
"Cookies Bauducco x12x40g","7531785297680","0","934.61","0","",""
"Cool Mint x30u","9173409551678","0","8700.00","0","",""
"Copitos dulce de leche Riquito x24u","3140765917841","0","12000.00","0","",""
"Copitos Turimar","7453187358962","0","5700.00","0","",""
"Corazonito surtido 12ux30g","2844031256377","7","6000.00","0","",""
"Crazy Pop tira x20u","7577860885418","0","8600.00","0","",""
"Creepy Pop x8u","6674356624667","0","7900.00","0","",""
"Cubanito Chocostar x40u","5643892422379","0","3050.00","0","",""
"Cubanito FelFort Winning 25ux20g","1925726277197","0","24000.00","0","",""
"Cubanito Oblita x48u","8697491699472","3","3350.00","0","",""
"Cubanito Smack 48ux25g","1833210476034","0","8970.00","0","",""
"Curitas tela caja x8u","6680304276612","43","830.00","0","",""
"Curvis Juli Croc x65g","7983223190417","49","702.00","0","",""
"Daqui almendras x90g","4279156472275","0","750.00","0","",""
"Daqui chico x40g","2346584488058","16","680.00","0","",""
"Daqui Duo x70g","7200010176111","0","930.00","0","",""
"Daqui leche y mani x70g","5591456682979","0","900.00","0","",""
"Daqui Max x120g","7752530194175","0","1430.00","0","",""
"Delicias de la Nona chip","3530948949420","0","296.70","0","",""
"Dentaduras Fini x250g","1032851801217","0","2930.00","0","",""
"Diclofenac tableta x15u","4987507290640","3","570.00","0","",""
"Dino Huevos Saurus x30u","4426456956472","0","18000.00","0","",""
"Dinosaurio paleta c/ juguete","9805319788378","0","3651.48","0","",""
"Dismar Repelente Aktiol x143","9274844022951","0","6490.00","0","",""
"Dispenser Bluper","4420603323212","0","4260.06","0","",""
"Dispenser Pistola x8u","3991692523763","0","62000.00","0","",""
"Docile Canudinho 12x15g","4367260561600","1","3150.00","0","",""
"Docile Canudinho 24x26g (1u)","2160587960933","0","11680.00","0","",""
"Docile Pastille Mini 8 100u","2933223585043","0","3710.00","0","",""
"Dodi Limon y Poleo","6007793697538","10","3300.00","0","",""
"Dodi Mandarina y Burrito x15u","1325860481082","11","3300.00","0","",""
"Doggy Pop x6u","3159733719590","0","14500.00","0","",""
"Don Satur bizc agridulce x200g","4976097740291","43","870.00","0","",""
"Don Satur bizc clasico x200g","9138787450654","0","790.00","0","",""
"Don Satur bizc negrito x200g","9232437700422","80","870.00","0","",""
"Donuts Bonafide blancas x78g","8043772415883","1","1450.00","0","",""
"Dos corazones FelFort x20u","1413146213903","0","28000.00","0","",""
"DRF Anis x12u","6132338213820","11","3100.00","0","",""
"DRF Frutos Citricos x12u","3830769714984","3","3100.00","0","",""
"DRF Frutos Rojos x12u","7129227490481","4","3100.00","0","",""
"DRF Limon x12u","1241774250336","6","3100.00","0","",""
"DRF Menta x12u","7477602073036","11","3100.00","0","",""
"DRF Mentol x12u","1111159573763","11","3100.00","0","",""
"DRF Naranja x12u","9754269289440","5","3100.00","0","",""
"DRF Surtida x24u","3074647669708","0","7120.00","0","",""
"Drink Candy Open x50u","4338714147703","17","3000.00","0","",""
"Dropsy Acuario","1208598367117","0","366.53","0","",""
"Ducrem BALL x18u","3399628755832","0","6030.00","0","",""
"Ducrem Dip Coloreti x18u","1784319628349","0","6030.00","0","",""
"Ducrem LOVE x18u","2834960926015","0","6030.00","0","",""
"Ducrem x36u","2147536609737","0","4300.00","0","",""
"Dulce de leche familiar CHICO x1kg","8848451655389","6","3900.00","0","",""
"Dulce de leche familiar GRANDE x10kg","4084735858978","0","32400.00","0","",""
"Dulce de leche repostero CHICO x1kg","1222811926331","10","3900.00","0","",""
"Dulce de leche repostero GRANDE x10kg","2886523318522","0","32400.00","0","",""
"Eccole adhesivo x9g","5719769740015","0","4550.00","0","",""
"Edulcorante SiDiet x200","4855258638972","38","1030.00","0","",""
"Emoti Pop x9u","1536623422931","2","15280.00","0","",""
"Encendedor Candela Extensible (unidad)","6157622273965","17","1850.00","0","",""
"Encendedor Candela Recargable Mini x10u","8974682931338","0","4960.00","0","",""
"Encendedor Candela x25u.","5599567057557","3","7500.00","0","",""
"Encendedor Electronico Candela Black x20u","3038965781113","0","11500.00","0","",""
"EspacialFort FelFort air x20u","9978034709642","0","2739.68","0","",""
"Espirales Fuyi 12x4u","5971103330789","0","2815.20","0","",""
"Estrellitas Frutales x100u","3983794088767","22","4650.00","0","",""
"Exhibidor Juli Croc","6323117776975","0","20000.00","0","",""
"Exhibidor Push Pop mix x30u","3849814593746","0","11780.38","0","",""
"Exhibidor Tryms","6302179637571","0","20000.00","0","",""
"Fantoche bocadito relleno dulce de leche x20u","9851180600182","7","5900.00","0","",""
"Fantoche gta chispas x155g","5550115594915","0","795.00","0","",""
"Fantoche triple day x12u","5882918462932","0","8900.00","0","",""
"Fantoche Triple Estrella x12u","2645522278485","0","8140.00","0","",""
"Fantoche triple Night x12u","9007628977334","0","8750.00","0","",""
"Fantoche XS Rose MTV x20u","1692683776507","0","5260.00","0","",""
"Feeling Felfort 30x20g","1571240107368","0","22000.00","0","",""
"FelFort Chocolate mani x75g","4136866266560","0","439.82","0","",""
"Felfort Tableta mani 12x30g","4361995632202","0","1797.66","0","",""
"Fernet Branca x750ml","5921145988766","0","7600.00","0","",""
"Ferrero acrilico x12","6740216813649","0","12500.00","0","",""
"Ferrero acrilico x16","6180587870160","0","1777.60","0","",""
"Ferrero Corazon x8u","6898313806839","0","1972.19","0","",""
"Ferrero display x4u","5762226446714","0","4500.00","0","",""
"Ferrero Nutella x140g","3025215479080","25","4300.00","0","",""
"Ferrero Nutella x350g","9758784688751","19","8150.00","0","",""
"Ferrero Rocher caja x8u","9568640481397","0","8600.00","0","",""
"Ferrero x24 acrilico","5834446432939","2","23200.00","0","",""
"Ferrero x3x16u.","5198259633078","5","44700.00","0","",""
"Fierita Chicle","4893009561799","236","3219.00","0","",""
"Fierita Comefuego x50u","1049033262090","608","1600.00","0","",""
"Fierita Metrico 24cm Nitro","6679555618373","0","5850.00","0","",""
"Fierita Metrico 24cmx24u","1790182619751","0","5700.00","0","",""
"Fierita MINI recargado x12u","2888956224638","9","3350.00","0","",""
"Flow Cereal Choco y naranja x20u","4300264012078","2","13400.00","0","",""
"Flow Cereal Frutas x20u","4066652436824","0","13400.00","0","",""
"Flow Cereal Frutos del bosque c/ yogur x20u","6152678376638","1","13400.00","0","",""
"Flow Cereal Georgalos Avellana y arandanos x20u","3829925945456","1","15800.00","0","",""
"Flow Cereal Granola con chips chocolate x20u","8937745983870","2","13400.00","0","",""
"Flow Cereal Granola frutos del bosque x20u","5504515424345","2","13400.00","0","",""
"Flow Cereal Manzana Light x20u","1876080809624","3","13400.00","0","",""
"Flow Cereal Yogur Light x20u","6299524639875","0","13400.00","0","",""
"Flynn Paff chup masticable x24","4969063537810","3","2564.74","0","",""
"Flynn Paff Monkey","4394339840718","0","5225.00","0","",""
"Flynn Paff x70u","3677326266354","4","6200.00","0","",""
"Flynn Paff XXL","8119488741363","0","2399.78","0","",""
"Frosty Pop x8u","3032310199928","0","14300.00","0","",""
"Fruti Gelatin","6986787169368","0","2380.00","0","",""
"Frutilla Gelatina Tipo Pizza x30u","1416274446531","0","20000.00","0","",""
"Frutimania Crunch x100u","5881270943490","0","4050.00","0","",""
"Full mani 15x35g.","8719550247334","0","10090.00","0","",""
"FullMint menta con chocolate x12u","3194446768079","0","4750.00","0","",""
"Fun Pop Mix Stand x12u","6678755815085","0","20400.00","0","",""
"Gajitos Lipo x454g","3688369916672","43","2790.00","0","",""
"Gajitos Lipo x907g","1084220227958","0","5200.00","0","",""
"Galletita Hamlet x152g","8304903938936","0","830.00","0","",""
"Galletita Onix x90g","1134326832783","2","630.00","0","",""
"Galletita salada La Providenci","4425227075394","0","219.91","0","",""
"Galletitas Doninas c/ semillas x200g","6263665111990","32","1650.00","0","",""
"Galletitas Doninas chocolate y mani x200g","5598017932307","43","1650.00","0","",""
"Galletitas Doninas coco y dulce de leche x200g","4278476075605","16","1650.00","0","",""
"Galletitas Doninas con chips x200g","9803613991645","22","1650.00","0","",""
"Galletitas Doninas con nueces x200g","9350506910442","13","1650.00","0","",""
"Galletitas Doninas de limon x150g","4603811052342","0","1650.00","0","",""
"Galletitas Doninas de naranja x150g","1754183977678","0","1650.00","0","",""
"Galletitas Doninas Frutos del bosque x200g","8112359162038","39","1650.00","0","",""
"Galletitas Doninas saladas x180g","2262820727991","1","1650.00","0","",""
"Galletitas exhibicion x4kg.","8130744935106","0","2670.30","0","",""
"Galletitas Fauna Mauri x150g","9008865913533","49","550.00","0","",""
"Galletitas Formis Dulce de leche x72g","5779942845080","127","670.00","0","",""
"Galletitas Formis Frutilla x72g","1728486812451","112","670.00","0","",""
"Galletitas Fun Fantoche x150g","7620220681400","12","314.16","0","",""
"Galletitas Kokis x200g","1161720477802","0","164.94","0","",""
"Galletitas Toddy x126g","4748980438443","0","317.03","0","",""
"Galletitas Tostex Chips de chocolate x270g","8607604866660","0","1490.00","0","",""
"Galletitas Tostex Coco con chips de chocolate x240g","8466181439890","0","1490.00","0","",""
"Gallinita con jugo el Gordito x25u","7126969601841","0","2550.00","0","",""
"Gallinita Felfort blanca x38g","8849266753692","0","2060.00","0","",""
"Gallinita FelFort x38g","7693160432906","0","2060.00","0","",""
"Gallinitas Popy x25u","7685372173908","16","4800.00","0","",""
"Garoto Almeidom","4275091855199","0","183.24","0","",""
"GarrapiÃ±ada mani Bonafide x80g","7482438238924","0","650.00","0","",""
"Garrapiñada Latin x60g","5994859286912","0","450.00","0","",""
"Gaseosa Fresh cola 6x2250ml","9188054131881","0","6680.00","0","",""
"Gaseosa Fresh lima limo 6x2250","1257235908197","0","6680.00","0","",""
"Gaseosa Fresh Naranja 6x2250ml","2367007310431","0","6680.00","0","",""
"Gaseosa Fresh pomelo 6x2250ml","9423332624620","0","6680.00","0","",""
"Gaseosa Fresh Pomelo rosado","8841807632191","0","5940.00","0","",""
"Gel en sobre Super Sour x24u","2798515351039","16","15000.00","0","",""
"Genio 3","1925216251958","0","971.27","0","",""
"Genio torta ddl x20u","7456362292062","0","7670.00","0","",""
"Girasol crudo x20kg","6374681474370","0","35000.00","0","",""
"Girasol Meli x1,5kg.","9786441195213","136","3800.00","0","",""
"Glins Merengue frutilla x90g","4953737660767","0","550.00","0","",""
"Globo liso surtido x50u","6544541803239","0","1890.00","0","",""
"Go Dipperz x12","7642797863036","8","17900.00","0","",""
"Goma baby doll x600g.","5053576742014","0","549.77","0","",""
"Goma Billiken Eucalipto x800g","6129635186226","0","4560.00","0","",""
"Goma Docile Moras x50u","3448994654337","0","2280.00","0","",""
"Goma Docile Ositos x50u","3391011117615","9","2280.00","0","",""
"Goma Dori rollo x30u.","9852574954474","0","1136.20","0","",""
"Goma Eucalipto Misky x1kg","8622472952029","23","6600.00","0","",""
"Goma Fantasia Misky x1kg","2062984039041","78","6600.00","0","",""
"Goma Fierita Button x500g","9771343227922","0","2800.00","0","",""
"Goma Fierita clasica x500g","7102277205863","9","2800.00","0","",""
"Goma Fierita Corazon x500g","8215647993836","0","2280.00","0","",""
"Goma Fierita Gajos x500g","4671020155157","0","2550.00","0","",""
"Goma Fierita Yogur x500g","7087433279052","0","2550.00","0","",""
"Goma Jelly Roll Misky x1kg","3680127549564","22","6600.00","0","",""
"Goma Misky ACIDAS x500g","9914542081967","0","4620.00","0","",""
"Goma Misky rollo x12u","5571846366269","0","3200.00","0","",""
"Goma Mogul 12x30g","7716423000012","0","5660.00","0","",""
"Goma Pinata Anillos Acidos x700g","1109518253639","0","4500.00","0","",""
"Goma Pinata Anillos Crunch x700g","9143433163670","0","4500.00","0","",""
"Goma Pinata anillos x700g","9432740536484","19","4400.00","0","",""
"Goma Pinata chupete x700g","7013010035580","16","4500.00","0","",""
"Goma Pinata eucalipto x700g","2886956333219","0","4500.00","0","",""
"Goma Pinata huesitos x700g","8702926507996","0","4500.00","0","",""
"Goma Pinata redonditas x700g","8477490186664","0","4500.00","0","",""
"Goma Pinata surtidas x700g","3551527072610","0","4500.00","0","",""
"Goma Plenario Besitos x500g","2292586715018","0","4920.00","0","",""
"Goma Plenario Pote","1149900669471","0","6500.00","0","",""
"Goma Rellenola pote x125u/65u.","6849996551514","0","2492.28","0","",""
"Goma Rollo Billiken x12u","6813181071747","0","2700.00","0","",""
"Goma Rollo Fierita x30u","1108866836910","0","5050.00","0","",""
"Goma Vidal x900g","3666289249119","0","14380.00","0","",""
"Goma Yummy Bananitas x500g","4165475841751","0","4450.00","0","",""
"Goma Yummy Botellita x500g","7471700556752","0","4450.00","0","",""
"Goma Yummy Frutilla crema x500g","1009388022557","0","4450.00","0","",""
"Goma Yummy Huevo Frito x500g","6023550819029","0","4450.00","0","",""
"Goma Yummy Moritas x500g","2960532517362","15","4450.00","0","",""
"Goma Yummy Ositos Acidos x500g","4097901120718","0","4450.00","0","",""
"Goma Yummy Ositos x500g","3532615104859","0","4450.00","0","",""
"Goma Yummy Sandias x500g","9015128911259","0","4450.00","0","",""
"Goma Yummy x12","7607710855789","48","4600.00","0","",""
"Gomas Fundipperz x12u","5106164934714","0","15200.00","0","",""
"Gomitas Alfajores 30ux15g","2470053714493","5","10500.00","0","",""
"Gomitas Astronauta 30ux15g","9413726013591","39","10500.00","0","",""
"Gomitas Bananitas x30u","5306137969801","1","22500.00","0","",""
"Gomitas Boca Juniors x30ux15g","5725922558615","33","10500.00","0","",""
"Gomitas Calabazas Halloween 30ux15g","4736796280018","0","10500.00","0","",""
"Gomitas Capivara 30ux15g","2263189375597","0","10500.00","0","",""
"Gomitas Cerebros x30ux15g","5415389234275","0","10500.00","0","",""
"Gomitas Dragon Ball x30ux15g","4896074724501","11","10500.00","0","",""
"Gomitas Emoji 30ux15g","4874124559802","0","9900.00","0","",""
"Gomitas Freddy x30ux15g","5121064738178","9","10500.00","0","",""
"Gomitas Frutillas 30ux15g","3670467235996","0","10500.00","0","",""
"Gomitas Frutillas Pote x60u","6523073636717","0","20500.00","0","",""
"Gomitas Hombre Araña 30ux15g","6105741325750","0","9300.00","0","",""
"Gomitas Juego del Calamar 30ux15g","2318480227484","0","9300.00","0","",""
"Gomitas Latitas Gaseosa x30ux15g","5536183575858","0","10500.00","0","",""
"Gomitas Malefica 30ux15g","3304428534135","4","10500.00","0","",""
"Gomitas Mario Bros 30ux15g","4456454167295","2","10500.00","0","",""
"Gomitas Messi 30ux15g","9487150987805","11","10500.00","0","",""
"Gomitas Monster Inc x30ux15g","6867015019907","0","10500.00","0","",""
"Gomitas Monstruos 30ux15g","6153409696475","20","10500.00","0","",""
"Gomitas Mundos x30ux15g","1516608223034","0","10500.00","0","",""
"Gomitas Murcielagos 30ux15g","7423976704018","0","10500.00","0","",""
"Gomitas Ojitos Minions x30u","8558349703882","0","11000.00","0","",""
"Gomitas Ojitos x30ux15g","6176267658765","0","10500.00","0","",""
"Gomitas Pokemon x30ux15g","6183898384097","0","9900.00","0","",""
"Gomitas River 30ux15g","7714003435900","8","10500.00","0","",""
"Gomitas Starbucks x60u","5471058373433","0","27000.00","0","",""
"Gomitas Zombies Halloween x30ux15g","9936539997361","0","10500.00","0","",""
"Gomutcho Goma rollo x30u","7700914987873","0","1319.44","0","",""
"Gongys x200g","9045187768395","243","2100.00","0","",""
"Gongys x28g","1667162664618","930","310.00","0","",""
"Granix Frutigran avenas y pas","5015602728153","0","1590.00","0","",""
"Granix Frutigran chips chocola","7056404270151","19","2670.00","0","",""
"Grasa Grabya x1kg","1862660370787","0","3760.00","0","",""
"Grasa Grabya x500g","9935092255467","259","1890.00","0","",""
"Guaymallen Platino x24u","1940064494421","3","17900.00","0","",""
"Gula King x24u","3350978028941","0","29000.00","0","",""
"Gumballs display 20x16u","5099135238470","0","10040.00","0","",""
"Gumballs Flow 18x4u","6053187352120","0","4829.00","0","",""
"Gumballs mini 7u","5667311046405","0","7915.00","0","",""
"Gumballs pote 24 tiras","5479279813152","1","26640.00","0","",""
"Gummi Burger x 24u","9564691679967","9","4650.00","0","",""
"Gummi Pancho Doggie x24u","2504980272704","4","4650.00","0","",""
"Gummi Pizza x24u","6282659279544","9","6500.00","0","",""
"Hamlet Mega x165g","2630971347215","0","2070.00","0","",""
"Hamlet Way x30g","3819100306905","190","350.00","0","",""
"Hamleton Oblea banada x16u","1237389409122","0","9300.00","0","",""
"Hamleton Oblea blanco x16u","9652616859014","11","9100.00","0","",""
"Heladitos Max billetes x30u","7946340370187","21","4600.00","0","",""
"Helices Pulsera Ojos x30u","2274343269133","6","10900.00","0","",""
"Hersheys Aireado chocolate con leche x85g","8089770125175","0","1800.00","0","",""
"Hersheys Cookies and Creme x77g","4486526833816","0","1800.00","0","",""
"Hersheys Cookies N Creme x77g","2798335607362","0","1730.00","0","",""
"Hersheys Semi Amargo 40% cacao x82g","5417446081373","0","2180.00","0","",""
"Hersheys Special Dark 73% Cacao x85g","4392543764117","0","2820.00","0","",""
"Hojalmar Larguitas azucaradas x150g","6802834343321","317","900.00","0","",""
"Hojalmar Palmeras x150g","4822963124714","63","1240.00","0","",""
"Hojalmar Snack Matero x180g","8026080918896","170","920.00","0","",""
"Hormiguicida GelTex","7023839138307","14","2400.00","0","",""
"Huevo Bariloche Amoroso x80g","8138592469301","1","4700.00","0","",""
"Huevo Bariloche Bombonett x80g","8650795473796","0","4800.00","0","",""
"Huevo Bariloche decorado x90g","6633493607049","0","5020.00","0","",""
"Huevo Barilochito x70g","5885110546837","2","4900.00","0","",""
"Huevo Block x1kg","9513337423035","0","8246.51","0","",""
"Huevo Bonobon x110g","9013880592042","0","1649.29","0","",""
"Huevo Cabsha x115g","1109205849583","0","989.60","0","",""
"Huevo Dos Corazones x200g","7081462097030","0","16400.00","0","",""
"Huevo Face Monster/Zoombie x9u","2379812692805","0","2898.00","0","",""
"Huevo FelFort Marroc x200g","1118125057093","0","16400.00","0","",""
"Huevo Ferrero Rocher Dark 137g","4371790303893","0","13100.00","0","",""
"Huevo Ferrero Rocher x137g","6275764862282","0","13250.00","0","",""
"Huevo Georgalos bombones 75g","6636436859004","0","733.02","0","",""
"Huevo Georgalos bombones x145g","4472877142593","2","1227.82","0","",""
"Huevo Georgalos confites","4604274896806","0","1786.74","0","",""
"Huevo Jack/Marroc x150g","7979683769792","0","1759.26","0","",""
"Huevo Kinder Minions 100g","4282805143833","0","2052.46","0","",""
"Huevo Kinder x150g","5830936107068","0","16750.00","0","",""
"Huevo Magicornios x157g","6093549032846","0","1484.36","0","",""
"Huevo Milka Batman Mujer marav","7514024871111","0","1850.89","0","",""
"Huevo Milka x170g","9709974763892","0","3610.14","0","",""
"Huevo Paraguitas x200g","9989231088643","0","16400.00","0","",""
"Huevo Sapito confites x12x28g","8652999355360","0","8990.00","0","",""
"Huevo Shot x210g","1963906892236","0","3940.01","0","",""
"Huevo Super Rocklets 12x28g","7155514651969","0","8730.00","0","",""
"Huevo Vizzio x167g","7916589619064","0","2792.47","0","",""
"Huevos artesanales N° 0","5061461329278","0","76.98","0","",""
"Huevos artesanales N° 3","1498069319183","0","384.85","0","",""
"Huevos artesanales N° 6","3094129889602","0","769.67","0","",""
"Huevos artesanales N°2","3983774120009","0","179.60","0","",""
"Huevos Biyu x200g","4061690074086","0","8300.00","0","",""
"Huevos de Pascuas Dibu x22g","1378788711703","2","1190.00","0","",""
"Huevos de Pascuas Dibu x80g","9323207410116","12","4280.00","0","",""
"Huevos FelFort Fantasia 40x17g","2145155285797","0","43000.00","0","",""
"Huevos FelFort Mini 25ux10g","2769011626049","0","11800.00","0","",""
"Huevos Gongys x200g","1650374322958","0","8300.00","0","",""
"Huevos Jack","5210476474150","0","2492.28","0","",""
"Huevos Mecano bolsa 20x80g","7890374219010","0","1483.51","0","",""
"Huevos Mecano bolsa x168g","8309673924447","0","3125.00","0","",""
"Huevos Minions","2483271710287","0","1869.23","0","",""
"Huevos Mundosaurios","3480150219724","0","1576.00","0","",""
"Huevos Richy","6345010679965","0","4701.62","0","",""
"Huevos Roig x22g","8956886588905","0","850.00","0","",""
"Huevos sorpresa ANL","5097212943747","0","9215.15","0","",""
"Huevos Sorpresa Shopskins x30u","6787196161522","0","12000.00","0","",""
"Huevos Toca Toca x16u","1386940148063","0","5419.26","0","",""
"Huevos Vizzio bolsa x148g","8023802419602","0","3465.00","0","",""
"Huevos Yummy x200g","8185177309553","0","8300.00","0","",""
"Ibu Evanol Forte CAJA x20u","1633851484011","0","4990.00","0","",""
"Ibu Evanol Plus CAJA x20u","2145050742918","0","4220.00","0","",""
"Ibu Evanol Rapida ac CAJA x20u","6721490120302","0","3750.00","0","",""
"Ibuprofeno 400mg tableta x10u","1583286503346","15","670.00","0","",""
"Ibuprofeno 600mg tableta x10u","3006733856852","13","930.00","0","",""
"Ice Cream Candy x60u","4967543748089","0","15000.00","0","",""
"Insecticida Fuyi x360","1984355371845","0","3640.00","0","",""
"Insecticida Raid x380","6095918354680","0","5000.00","0","",""
"Jabon Rexona x125g","4754066246835","0","119.11","0","",""
"Jackelin FelFort x30u.","8631146986562","0","2309.03","0","",""
"Jeringa Caramelo Liquido Barbie x30u","6824384134902","16","14000.00","0","",""
"Jugo Big Choice x200cc","9667050457464","0","340.00","0","",""
"Jugo Minyo común","1111651828156","0","219.91","0","",""
"Jugo noel x18u.","1223670672995","0","523.58","0","",""
"Jugo para preparar Mocoreta Naranja 6x1.5","8697216710724","8","6800.00","0","",""
"Jugo para preparar Mocoreta Pomelo 6x1.5l","4231972033860","12","6800.00","0","",""
"Jugo Pepito bebible x18u.","9113236525124","0","6000.00","0","",""
"Jugos Dodi Anana Piña x15u","9397550052216","5","3300.00","0","",""
"Jugos Dodi Durazno x15u","2420205571752","39","3300.00","0","",""
"Jugos Dodi Granadina x15u","4964090091229","0","3300.00","0","",""
"Jugos Dodi Limon x15u","8825512291337","45","3300.00","0","",""
"Jugos Dodi Limonada x15u","7990966157314","39","3300.00","0","",""
"Jugos Dodi Mandarina x15u","6118589793609","0","3300.00","0","",""
"Jugos Dodi Mango Dulce x15u","7467337129192","35","3300.00","0","",""
"Jugos Dodi Manzana x15u","1171696930474","47","3300.00","0","",""
"Jugos Dodi Mix Tropical x15u","2910412487678","16","3300.00","0","",""
"Jugos Dodi Naranja Banana x15u","2148743171317","57","3300.00","0","",""
"Jugos Dodi Naranja Mango x15u","4176705996822","54","3300.00","0","",""
"Jugos Dodi Naranja x15u","9628981129933","125","3300.00","0","",""
"Jugos Dodi Pera x15u","3220185447861","23","3300.00","0","",""
"Jugos Dodi Pomelo Rosado x15u","5816537933674","34","3300.00","0","",""
"Jugos Dodi Uva x15u","7124805132988","0","3300.00","0","",""
"Juguito minyo crem 2","4397345237165","0","293.21","0","",""
"Juguitos p/ congelar Pololin","3472664836253","149","2450.00","0","",""
"Juguitos Pepito 2 sabor 4x24u","1042366930499","1","13200.00","0","",""
"Juguitos Pepito 3 sabores x30u","6918982323590","0","7290.00","0","",""
"Juguitos Pepito 6x24x45cc chic","8700643629722","4","14400.00","0","",""
"Kesitas x125g","5527639242094","0","1350.00","0","",""
"Ketchup Natura x250cm","5594496928228","0","201.59","0","",""
"Keterolac tableta x10u","9175211916891","38","660.00","0","",""
"Kinder Bueno x43g","5576788171303","0","2460.00","0","",""
"Kinder con leche chocolate display x24u","3849011045537","0","14200.00","0","",""
"Kinder gigante x100g","4549984352569","0","4141.58","0","",""
"Kinder Joy 12x20g","1478736402585","0","25000.00","0","",""
"Kinder MAXI x10u","1062358763093","0","9800.00","0","",""
"Kinder Sorpresa 12ux20g","1004753765425","0","26400.00","0","",""
"Kooky Bon FelFort x30u","7228209341930","4","12080.00","0","",""
"Kroomy Napolitano","8519478751438","0","2007.10","0","",""
"Kroomy x24u.","2080357746527","8","3950.00","0","",""
"Kukinas anillo chocolate x150g","5328623029049","0","178.02","0","",""
"La gotita pegamento","3914533438976","0","1400.00","0","",""
"Labubu colgante","1511563188854","31","7500.00","0","",""
"Lampara Led 12w fria","1366339795808","0","1460.00","0","",""
"Lampara Led 7w fria","2379298543951","19","1040.00","0","",""
"Lampara Led 9w fria","7565538220248","23","1120.00","0","",""
"Lapicera Barbie Candy Loka x30u","9621648171074","0","14000.00","0","",""
"Laser Pop x6u","5615998873263","2","10930.00","0","",""
"Lata durazno SyP","1704227173217","0","1480.00","0","",""
"Lata Heineken x473ml","3650250700124","0","1600.00","0","",""
"Latitas importadas x20gx30u","5297491738864","0","20000.00","0","",""
"Leche chocolat 7 dias x1 LITRO","6447595517222","0","1200.00","0","",""
"Leche chocolatada 7 dias 200cc","3059240754987","0","7750.00","0","",""
"Leche descremada Latte x1 litr","4021356337220","0","1100.00","0","",""
"Lentejas Chook x1kg","3159269440479","0","12200.00","0","",""
"Lentejas Chook x500g","7341819233694","0","6500.00","0","",""
"Lipo Praline x907g","2343800325381","14","4880.00","0","",""
"Lipo rell menta chocolate x800g","9781491836599","0","4880.00","0","",""
"Lipo Super Acidos x454g","2767306978589","19","2760.00","0","",""
"Lipo Viena x454g","9735360010530","36","2760.00","0","",""
"LOL Surprise","1375082217149","0","1722.61","0","",""
"Loly Choc Bonafide x24u","6658000451337","0","1264.48","0","",""
"Loratadina tableta x10u","4584865816339","33","630.00","0","",""
"Lucky 8 Pastillas x385g","9161249202097","27","3200.00","0","",""
"Maestros del terror chicle x50","6940954497290","5","1912.68","0","",""
"Magdalena Don Satur Vainilla Dulce de leche x200g","7533255134576","0","1880.00","0","",""
"Magdalena Gaona bicolor x200g","6468652030896","0","1575.00","0","",""
"Magdalena Gaona coco rellena dulce de leche x215g","1535077192628","0","1575.00","0","",""
"Magdalena Gaona rellena chocolate x200g","6938586419354","0","1575.00","0","",""
"Magdalena Gaona rellena dulce de leche x200g","8568999894842","0","1575.00","0","",""
"Magdalena Gaona rellena frutilla x215g","8312968257235","0","1575.00","0","",""
"Magdalena Gaona vainilla x200g","6531551142324","0","1575.00","0","",""
"Magdalena Marmolada Don Satur x200g","3844988509036","23","1880.00","0","",""
"Magdalena Pozo coco rellena ddl x220g","6615611991639","0","1575.00","0","",""
"Magdalena Pozo con chips x220g","1062091574848","0","1575.00","0","",""
"Magdalena Pozo marmolada x220g","1441480444900","0","1575.00","0","",""
"Magdalena Vainilla Don Satur x200g","3297023878011","41","1880.00","0","",""
"Magdalenas 9 de Oro x200g","4278286918692","0","1400.00","0","",""
"Magdalenas Pozo clasicas x220g","4418111869971","0","1450.00","0","",""
"Magdalenas Pozo DDL x220g","7377233835129","0","1550.00","0","",""
"Malta El Pocillo fort. x500g","1878917099931","2","5690.00","0","",""
"Malta Pocillo doypack x115g","5817407757166","0","1470.00","0","",""
"Malta Pocillo intens doy x100g","1178940759388","0","1450.00","0","",""
"Malta Pocillo intens pote 170g","1299100554773","0","1470.00","0","",""
"Malteadas Nutrilar x1kg","6605006301819","0","2415.00","0","",""
"Malvavisco Burger x30u","2762338239456","0","21000.00","0","",""
"Malvavisco Triple Barbie Halloween x48u","6385890040209","0","72000.00","0","",""
"Malvavisco triple Bob Esponja x24u","5938525996411","0","72000.00","0","",""
"Malvavisco Triple Happy Halloween x48u","9459016522815","0","72000.00","0","",""
"Malvaviscos Hamburguesas x30u","5367657710718","1","22500.00","0","",""
"Malvaviscos Zootopia x30u","7583745190779","5","22500.00","0","",""
"Mana rellena x156g","2253040823504","0","755.00","0","",""
"Mandiocas fritas x90g","1292218858821","86","1157.00","0","",""
"Mani cascara x1kg.","8058937618823","36","5350.00","0","",""
"Mani chocolate Imperial 24x25g","9629164202781","0","7760.00","0","",""
"Mani chocolate Latin x60g","1587739403933","19","570.00","0","",""
"Mani crocante JL x65g x12u","6940967591271","33","8900.00","0","",""
"Mani Juli Croc x1kg","7118792053759","0","586.43","0","",""
"Mani manteca Juli Croc x100g.","7549852397337","96","821.00","0","",""
"Mani pel/sabor Cuatro Hoj x1kg","5924940788399","0","1680.84","0","",""
"Mani repelado salado DC x1kg","4880673802623","0","4650.00","0","",""
"Mani Roteda x1kg","8955413327710","0","641.40","0","",""
"Mani saborizado DC x1kg","2064791941802","0","4650.00","0","",""
"Mani saborizado x 1kg Bolicrok","1461750586227","45","7400.00","0","",""
"Mani x1kg repelado BoliCrok","2639870460916","17","7400.00","0","",""
"Mantecol x41g x12u","8995102403771","2","13200.00","0","",""
"Mantecol x64g x9u","7693157008910","0","11050.00","0","",""
"Mantenonnas DDLN x150g","9376763793939","0","132.65","0","",""
"Mantenonnas DDLN x300g","4205554634882","82","830.00","0","",""
"Manzanita rayada Manduvi x30u","7380324606504","0","1939.85","0","",""
"Marengo masticable Dulce de Leche x75u","1545879895716","0","3650.00","0","",""
"Marengo No Hay Plata x400g","5512469280982","22","2900.00","0","",""
"Marengo tira ácida x454g Hallo","6546733061394","0","513.12","0","",""
"Marengo tiras acidas x454g","5827740126933","0","2970.00","0","",""
"Marengo Transp Menta x454g","8451517735132","0","2000.00","0","",""
"Margarita Paysandu","9696560784719","0","541.06","0","",""
"Marineras Tostex jamon x220g","2976893560714","0","1090.00","0","",""
"Marineras Tostex manteca x220g","6897325081739","0","1090.00","0","",""
"Marley Tribajon x10u","2448626968588","0","13000.00","0","",""
"Marroc x20u.","6612161267952","0","12790.00","0","",""
"Marroc x60u.","3638866939668","0","46900.00","0","",""
"Mast acido Pico Dulce x500g","7039608938190","0","4400.00","0","",""
"Mast Lenguetazo manzana x32u","1506792105067","0","5360.00","0","",""
"Mast Lenguetazo Tutti x32u","3715975939952","0","5360.00","0","",""
"Mast Pico Dulce plegado x500g","7918077668689","0","3260.00","0","",""
"Masticable Billiken x600g","5025791361236","0","3420.00","0","",""
"Masticable Bulldog/dropsy","6376462783382","3","3930.00","0","",""
"Masticable Frutomilla x100u","4141422617972","30","4800.00","0","",""
"Masticable Lheritier plegado x100u","7127999651817","33","1550.00","0","",""
"Masticable Misky x242u","9311155174550","95","5200.00","0","",""
"Masticable misky ZOO","9923112376382","0","577.26","0","",""
"Masticable Open x100 u","9343954060177","0","2442.00","0","",""
"Masticable Tubicolor x140u","7143520416562","0","4240.00","0","",""
"Mayonesa Hellmans x250cc","5929092630809","0","174.12","0","",""
"Mayonesa Natura x125g","4577445313604","0","2565.59","0","",""
"Mayonesa Natura x250","4332318762535","0","750.00","0","",""
"Md Karamella Mast leche menta chocolate x600g","5808336023042","2","4600.00","0","",""
"Md Karamella Masticable Leche condensada x600g","3739431096200","12","4600.00","0","",""
"Md Mimosa Caramelo Surtido espacial x600g","5796377227980","11","3700.00","0","",""
"Md Molly Masticable surtido frutal x600g","7012476236252","25","3500.00","0","",""
"Md Molly Masticable surtido x250g","6775186585827","62","1500.00","0","",""
"Mecano dulce d leche 24x19g","2556217061763","0","13670.00","0","",""
"Mechas Magicas Mario Bros x30u","4750409282732","0","13000.00","0","",""
"Medallitas ConfiSnack x1kg","4242989981968","0","7200.00","0","",""
"Medallon Dulce de Leche Felfort 20x21g","9863592370074","4","22000.00","0","",""
"Media tarde sandwich x3","5882805485723","0","1100.00","0","",""
"Media Tarde Sandwich x5x107g","1108478373204","0","860.00","0","",""
"Media Tarde x3","9689559191240","233","1110.00","0","",""
"Mejoral niños tableta x10u","4060349391530","17","2280.00","0","",""
"Mellizas bagley","4603417608823","0","109.96","0","",""
"Melon rayado","4182545887368","0","256.56","0","",""
"Meloncito Paysandu x30u","2468833790040","10","2990.00","0","",""
"Membrillo 7 dias sin TACC x5kg","7003922207642","10","8000.00","0","",""
"Menta Marengo x810g","2342797673666","0","842.99","0","",""
"Menta Misky transparente x810g","3952070381080","2","7100.00","0","",""
"Mentho Plus Cherry x12u","5402259457775","0","5550.00","0","",""
"Mentho Plus menta x12u","6298833482754","0","5550.00","0","",""
"Mentho Plus mentol x12u","2387044432605","0","5550.00","0","",""
"Mentho Plus strong x12u","9478667518872","0","5550.00","0","",""
"Mentitas Felfort x30u","9841825851610","0","19890.00","0","",""
"Mentitas Lacasa/Kids","9911038747437","71","3520.00","0","",""
"Mentos conf x12u","3796928640793","0","8330.00","0","",""
"Meremelada Ciruela de la Huert","7589969342707","0","1850.00","0","",""
"Meremelada Durazno de la Huert","7758040511567","6","1850.00","0","",""
"Merengues blancos La Amistad x150g","4731204860995","0","1570.00","0","",""
"Merengues Urquiza","3546449378030","0","0.00","0","",""
"Merengues x100g. Estallitos","1848043814558","0","100.80","0","",""
"Mermelada Noel .    frasco","1027243005340","0","1350.00","0","",""
"Microfonos Chupetines 2en1 Candy Loka x30u","1234847285875","5","23500.00","0","",""
"Miel Marengo x454g","2618973402837","0","2000.00","0","",""
"Mielcita Abejitas x50u","4650146877387","0","2260.00","0","",""
"Migral 500mg tableta x10u","1820783835676","0","3820.00","0","",""
"Mini alfajor Solitas x2kg","1428465536594","0","2107.44","0","",""
"Mini alfajor Solitas x300g","6377279003620","0","2600.00","0","",""
"Mini goma Dori x30u","3359815359821","0","751.36","0","",""
"Mini Oreo x50g","7749881260315","162","990.00","0","",""
"Mini Pastafr DDLN x300g","2516145083523","0","340.33","0","",""
"Mini Pepitos x50g","6724778176044","0","775.00","0","",""
"Mini Rellena DDLN Streamer Duo x160g","9485299545220","85","600.00","0","",""
"Mini Rellenas DDLN x160g","6489806896127","0","490.00","0","",""
"Mini Rocklets x44u","7555315233138","0","13160.00","0","",""
"Mini torta Smack Nevares x20u","2304898917212","0","8740.00","0","",""
"Mini Trento bolsa","6262547967035","0","2822.12","0","",""
"Mini Trento display x16u","8331635593237","0","1204.27","0","",""
"Minicco Conito x12u","9839098972778","0","2094.36","0","",""
"Minions Tattoo x24u.","8817381019357","0","1392.76","0","",""
"Misky Toffees x648g","6867758324207","20","6200.00","0","",""
"Misky Toffes x480g","2134966306608","0","3280.00","0","",""
"Misky transp cherry x405g","2775636312753","13","3100.00","0","",""
"Mix croc x45g Juli Croc","1666127787975","180","491.00","0","",""
"Mogul Ext Palotes x70u","4396870667759","0","5400.00","0","",""
"Mogul oso, tibu, dino, pie, ce","9311555253628","0","678.06","0","",""
"Moneda Chocolate Bel x100u","8231069391673","0","9470.00","0","",""
"Moneda dolar Bonafide x115u","2899719543825","0","23100.00","0","",""
"Moneda pirata chocolate FelFort","6694217619343","5","27000.00","0","",""
"Monster Baby Doll","4294965242866","0","522.28","0","",""
"Morochitas x4,5kg.","6421071018580","0","23480.00","0","",""
"Multimint x12u","8738304001656","23","1570.78","0","",""
"Mumu Kids banana 24ux15g","1440952277700","0","10500.00","0","",""
"Mumu Kids chocolate 24ux15g","6982469200012","0","10500.00","0","",""
"Mumu Kids vainilla 24ux15g","4663395268265","0","10500.00","0","",""
"My Toffee x600g","5515874359454","0","897.97","0","",""
"Naipes Habana x40","5575559006264","3","1910.00","0","",""
"Naipes Habana x50","9151521098712","0","2260.00","0","",""
"Naranjin Jugo 190ml x12u","5947016178271","0","6260.00","0","",""
"Nestle Kit Kat blanco x41,5g","4728151469633","16","1290.00","0","",""
"Nestle Kit Kat4 leche x42g","6183542417550","0","1290.00","0","",""
"Nevares CrocBar 48x29g","3851925609483","0","7650.00","0","",""
"Next tableta x10u","9527855028449","15","4800.00","0","",""
"Nieve artificial Candela","9035747181926","10","2130.00","0","",""
"Nobel FelFort x15u","9208692490755","0","26810.00","0","",""
"Nogali Surtido Zoo x330g","9615602298644","0","320.71","0","",""
"Novalgina tableta x10u","7671759024703","14","5930.00","0","",""
"Nugaton x24u","7242661700688","0","11480.00","0","",""
"Nutello postrecito en bolsa x60u","9709254301698","25","13500.00","0","",""
"Oblea Arcor Twit","1305593011444","0","925.44","0","",""
"Oblea banada Obli Bon x20u","4040932720822","0","6800.00","0","",""
"Oblea Hamlet x18u.","9148767387119","3","1509.66","0","",""
"Oblea Hersheys unidad x102g","7044888841569","50","1980.00","0","",""
"Oblea Itamaray x110g","8862398411092","0","720.00","0","",""
"Oblea Mantecol 18x27g","2623380639713","0","13550.00","0","",""
"Oblea Oblita x100g","1668386793628","348","580.00","0","",""
"Oblea Oblita x50g.","7410869535781","30","380.00","0","",""
"Off aerosol x170cc","4278115910272","0","5300.00","0","",""
"Off crema x196 GRANDE","1874895482120","0","4740.00","0","",""
"Off crema x60cc","7253405235733","0","2220.00","0","",""
"Off extra duracion x170cc","4484014061699","12","9020.00","0","",""
"Off Spray x177ml","3140960072714","0","8560.00","0","",""
"Omeprazol tableta x14u","3397263036045","63","820.00","0","",""
"One Bite tabletas 18x17g","8438980374501","0","5781.52","0","",""
"Open Candy Pinballs","2201118460452","1","3240.00","0","",""
"Open Candy Sandia display x50g","2867982567462","18","2970.00","0","",""
"Open Candy sandia POTE x120u","6826791886749","17","11050.00","0","",""
"Open Tenis display x30u","9432728713240","9","2775.00","0","",""
"Open Tenis Flow 18x4u","8162375900258","2","4829.00","0","",""
"Open Tenis Flow Naranja x4ux18","6268839388077","15","4800.00","0","",""
"Oreo & Go x12u","6311554899644","0","63000.00","0","",""
"Oreo Chocolate x118g","5252820959747","0","1350.00","0","",""
"Oreo Golden x118g","7227686597603","0","1350.00","0","",""
"Oreo Mani x118g","3303594011823","0","1520.00","0","",""
"Oreo Milka Frutilla x118g","3200094785938","19","1350.00","0","",""
"Oreo Regular x118g","7106344042516","118","1690.00","0","",""
"Oreo sin TACC x95g","9060126473096","0","1730.00","0","",""
"Oso Lotso Celular x12","8761465735773","3","65000.00","0","",""
"Paleta Paysandu Mickey","7602416382838","0","238.26","0","",""
"Paleta Paysandú varita magica","2891648684947","0","575.94","0","",""
"Paleta Rayada Amor Codul x12u","8319143349786","16","2700.00","0","",""
"Paleta Santa Rita Psicodelica x50u","2938325196414","0","14000.00","0","",""
"Paleta Vampiriña","6567494631112","0","348.18","0","",""
"Paleton rayado Codul x10u","1139676663263","0","2850.00","0","",""
"Paleton Trompito pastel x10u","4413257688937","18","3200.00","0","",""
"Paliloco La Ganga con billete x50u","9362785855959","28","1750.00","0","",""
"Palito d selva display berry","1065926342779","0","4800.00","0","",""
"Palito de l selva display 480g","4856179758111","0","4800.00","0","",""
"Palitos de la Selva x146u","6417647425376","0","9000.00","0","",""
"Palitos de la selva x33u 150g","9432780831336","0","1550.00","0","",""
"Palitos finos x1kg Oritas","5311165040393","133","4900.00","0","",""
"Palitos salados x 1kg Los Rusi","6045832244800","0","3850.00","0","",""
"Palitos salados x1kg Juli Croc","7902893548756","32","3900.00","0","",""
"Palitos x150g Juli Croc","4140152901149","89","837.00","0","",""
"Pan Dulce Bari x400g","2323767088428","0","966.00","0","",""
"Pan dulce Fantoche chips x400g","1612612528021","0","2900.00","0","",""
"Pan dulce Fantoche fruta x400g","4039732910250","30","3500.00","0","",""
"Pan dulce Fantoche marmolado","6833886254643","0","2800.00","0","",""
"Pan dulce Limido chips de chocolate x400g","9638314491695","29","2100.00","0","",""
"Pan Dulce Limido chips de dulce de leche x400g","8171254878119","0","2100.00","0","",""
"Pan dulce Limido frutas x400g","1623617121683","35","2000.00","0","",""
"Papa comun Cachi x100g","6229113602377","119","1040.00","0","",""
"Papa comun Juli Croc x70g.","5818400413672","195","961.00","0","",""
"Papa frita corte americano Juli Croc x80g","4018153980089","60","1111.00","0","",""
"Papa huevo frito Juli Croc 70g","9086867583794","64","1111.00","0","",""
"Papa Juli Croc x900g corte ame","1414542653255","22","9180.00","0","",""
"Papas asado criollo Juli Croc x70g","3900161758437","253","1111.00","0","",""
"Papas cheddar Juli Croc x70g","3334296946366","41","1111.00","0","",""
"Papas crema y cb Juli Croc 70g","4323053521365","180","1109.00","0","",""
"Papas Criskey x1kg","1631718751139","0","9300.00","0","",""
"Papas Fries Gummy Gel x12u","3709443034969","1","65000.00","0","",""
"Papas fritas Craket x1kg","1256262287946","0","10700.00","0","",""
"Papas fritas PAY Craket x1kg","7750776771369","0","8040.00","0","",""
"Papas fritas x1kg Juli Croc","4023720248981","67","10500.00","0","",""
"Papas fritas x1kg. Los Rusitos","9596048564790","65","9500.00","0","",""
"Papas Juli Croc Jalapeño y limon x70g","6951171805131","122","1110.00","0","",""
"Papas Ketchup Juli Croc x70g","5113421533832","50","1111.00","0","",""
"Papas Pay Juli Croc x100g","8835364445571","33","1261.00","0","",""
"Papas PAY x1kg Los Rusitos","1660003760388","10","9500.00","0","",""
"Papas provenzal Juli Croc x70g","9271273830350","110","1111.00","0","",""
"Papas Sweety acanaladas x1kg","2536292690396","0","7500.00","0","",""
"Papas Tryms Aceto bals x60g","6406013559358","0","1000.00","0","",""
"Papas Tryms barbacoa tex x60g","7451645136352","0","1000.00","0","",""
"Papas Tryms cebolla morada 60g","3936902321350","0","1000.00","0","",""
"Papas Tryms chori c chimi 60g","3516612055657","0","1000.00","0","",""
"Papas Tryms finas hierbas x60g","5937801209772","0","1000.00","0","",""
"Papas Tryms jalapeno ahum x60g","9719816787367","0","1000.00","0","",""
"Papas Tryms Morron x60g","4203665849334","0","1000.00","0","",""
"Papas Tryms pim sal marina 60g","4103445415857","0","1000.00","0","",""
"Paraguitas FelFort x40u.","9669728053132","0","32300.00","0","",""
"Paraguitas x20u.","4594928399921","0","18510.00","0","",""
"Paseo 5 semillas x300g","2618864762438","0","1090.00","0","",""
"Paseo Crackers x300g","4641767562527","0","830.00","0","",""
"Pastilla Alka Cherry x12u.","2165198130488","5","3300.00","0","",""
"Pastilla Alka Menta x12u","4479903493499","6","3300.00","0","",""
"Pastilla Alka Strong x12u","1210537434692","3","3300.00","0","",""
"Pastilla Biyu Gran Sorpresa","7240204981280","0","476.46","0","",""
"Pastilla Dorins x20u","7156270198969","0","4600.00","0","",""
"Pastilla Yipi x12u","9654698769310","0","2750.00","0","",""
"Pastillas La Yapa x36u","8449140271469","8","10100.00","0","",""
"Pastille Mini 12","7243531019891","1","1675.49","0","",""
"Pastille Mini 5","8701640095735","0","339.02","0","",""
"Pastille x24u","1347304028077","0","897.97","0","",""
"Patita Pinta Lengua x100u","7535733389555","13","4884.00","0","",""
"Patito FelFort blanco x40g","3776535832894","0","2060.00","0","",""
"Patito Felfort x40g","9873889252803","0","229.07","0","",""
"Pava electrica","4634747391078","0","19900.00","0","",""
"Pepas 9 de Oro x200g","3400588855472","0","780.00","0","",""
"Pepas 9 de Oro x350g","5594009629034","0","1100.00","0","",""
"Pepas Benjamin x400g","8042301417263","48","1410.00","0","",""
"Pepas DDLN batata x300g","5000594308151","140","1140.00","0","",""
"Pepas DDLN con CHIPS x320g","2222631315121","0","1010.00","0","",""
"Pepas DDLN x180g","8791354714945","0","550.00","0","",""
"Pepas Delicias de la Nonna x400g","5707500038931","0","1170.00","0","",""
"Pepas Fantoche x350g","6573630835085","0","950.00","0","",""
"Pepas Manolito x250g","4271004021110","0","440.00","0","",""
"Pepas Pekelino x200g","3973818219522","0","218.16","0","",""
"Pepas Pekelino x350g","1720187856109","0","293.21","0","",""
"Pepas Pekelino x500g","9820748704934","0","988.94","0","",""
"Pepas Terepin x400g","1108384290975","0","366.53","0","",""
"Pepitos regular x119g","2975715070056","0","1480.00","0","",""
"Peppa Pig Paleta x30u","9936217929448","0","10500.00","0","",""
"Petaca Workers x200cc","9616999705246","60","1150.00","0","",""
"Pic nic nevares x40u","5630347512780","0","12200.00","0","",""
"Pico Dulce LED display x24u","7275072027180","0","4200.00","0","",""
"Pico Dulce LED POTE x48u","2950357286828","0","8200.00","0","",""
"Pico Dulce tarro x48u.","6041855811387","0","8100.00","0","",""
"Pico Dulce vaso x10u","2905004820690","0","879.62","0","",""
"Piecito chupetin chispas Illumin","4754684588713","6","11400.00","0","",""
"Pila Candela AA TIRA x10u","2980175358642","3","3900.00","0","",""
"Pila Candela AAA TIRA x10u","8614634418566","0","3900.00","0","",""
"Pindy saladas x3","3407094140325","0","760.00","0","",""
"Pirulin mediano Manduvi x10u","6281679140162","0","2100.00","0","",""
"Pirulo Chupetin Enrolado Santa Rita x50u","5446087991997","0","14000.00","0","",""
"Pirulo Codul","8301291916711","0","794.12","0","",""
"Pitillos Urquiza x1.5kg","1953567487222","0","17080.00","0","",""
"Pito Pito Lheritier x24u","5914609046968","2","3600.00","0","",""
"Pitusa Chocolate x4kg","6416595789725","0","20900.00","0","",""
"Pitusas Frutilla x4kg","6613108878593","0","20900.00","0","",""
"Pitusas Vainilla x4kg","8135134245946","1","20900.00","0","",""
"Pitusas x160g.","8374126738629","0","890.00","0","",""
"Polvorita x81g.","2108562517902","56","400.00","0","",""
"Pomo de caramelo en gel Bob Esponja x24u","3808608547089","9","27000.00","0","",""
"Pony Spray Candy x20u","1861691172391","0","20000.00","0","",""
"Pop Mani Maxxi Chupetin chicle","4013414343546","0","4690.00","0","",""
"Popping Candy Explosivo x30u","9766233972390","16","16000.00","0","",""
"Postre de mani Lheritier x100g","6153849008678","0","940.00","0","",""
"Postre mani lheritier x30g.","8356377485082","19","210.00","0","",""
"Postre mani Nugaton x100g","3143550768240","0","1090.00","0","",""
"Pote animal cremy x110u","3715029560566","0","3865.00","0","",""
"PRIME extralubricado azul x3u","7136649043580","0","1950.00","0","",""
"PRIME Mixta 24x3u","5932442479382","0","46800.00","0","",""
"PRIME Superfino gris x3u","2654810457677","0","1950.00","0","",""
"PRIME Texturado rojo x3u","1884852334155","0","1950.00","0","",""
"PRIME Ultrafino marron x3u","3759591091836","0","1950.00","0","",""
"Pufflos x1kg","6883478457481","0","824.68","0","",""
"PULPA de tomate La Huerta 12x200cc","5968111808180","13","5200.00","0","",""
"Punchy Monkey x8u","4010905385224","2","18800.00","0","",""
"Puppy House/Caty House","9370268097155","0","11780.38","0","",""
"Pure de tomat La Huerta 12x530","5975698910505","187","9100.00","0","",""
"Push Pop Exhibidor x30u NUEVO","7749223763239","0","17500.00","0","",""
"Push Pop x20u","8759064761163","98","12500.00","0","",""
"Qura Plus tableta x10u","3685086559126","0","3670.00","0","",""
"Rafaello x9","7852256324587","0","5700.00","0","",""
"Rapsodia mini torta x24u","5464971673944","0","13500.00","0","",""
"Rellenita Bauducoo x110g","1654647641994","0","174.12","0","",""
"Relleno Miel Misky x675g","4356195425232","4","5800.00","0","",""
"Renome Mini 8 x100u","3784658331034","11","3000.00","0","",""
"Renome Mini Clix x350g 90u","4563948780009","0","3000.00","0","",""
"Renome past display Clix 50x7g","2531969797066","0","3180.00","0","",""
"Repelente Algabo Kids x200ml","2710585363262","0","3860.00","0","",""
"Resma Pampa A4 x500 hojas","5399858854257","0","7400.00","0","",""
"Rex Original x75g","7935130519949","0","965.00","0","",""
"Rhodesia x36u","9988521872080","225","780.00","0","",""
"Ring Pop LOL x24u","4246042357962","0","7290.00","0","",""
"Ring Pop Twisted x24u","7881974098420","0","8200.00","0","",""
"Ring Pop x24u","5163586244105","2","8250.00","0","",""
"Rocket Chocolate x30u","7593359084685","21","13000.00","0","",""
"Rocklets x24ux20g","7119252608918","5","16680.00","0","",""
"Rollo alta densidad 20x30","6295690925805","0","659.74","0","",""
"Rollo alta densidad 25x35","3203290495350","0","788.00","0","",""
"Rollo alta densidad 30x40","8761178488995","0","1044.56","0","",""
"Rollo precortado 15x20","3786669327200","0","897.97","0","",""
"Rollo precortado 15x25","7915984502236","0","897.97","0","",""
"Rompe Muelas x50u","2702453271019","21","4960.00","0","",""
"Ronda hojaldre triangulitos x150g","8827901260023","1","900.00","0","",""
"Rumba x110g","7376570194540","29","1100.00","0","",""
"Saladix CAJA x100g","1426137758554","78","1500.00","0","",""
"Saladix tira x40g (unidad)","9971242867384","121","730.00","0","",""
"Sapito Acido Crazy x24u","1507188443396","14","5300.00","0","",""
"Sapito bocadito chocolate X24u","3008199945897","0","4200.00","0","",""
"Sapito Confites 24x28g","7136230124379","0","6000.00","0","",""
"Sapito LenguaLoca x24u","1890547982598","5","2900.00","0","",""
"Sapito Magno Picante x24u","3365028096860","16","5300.00","0","",""
"Saquito Marengo Cafe x810g","7936937949101","0","2007.10","0","",""
"Saquito Marengo x454g","8395188234340","0","2600.00","0","",""
"Saquito Misky x810g","2760402473688","3","5800.00","0","",""
"Sellitos Stamp Lollipop Candy x30u","3868589900700","0","9980.00","0","",""
"Serpentina Candela","5141219489285","0","960.00","0","",""
"Sertal comprimido tableta x10u","7842175514628","15","5790.00","0","",""
"Sertal perlas tableta x10u","4394447381787","7","4370.00","0","",""
"Shark Pop x8u","9749104882522","5","17600.00","0","",""
"Skittles imp","2934319823082","0","23.82","0","",""
"Solitas Anillos Surtidos x4kg","7830684742068","2","12900.00","0","",""
"Solitas Animacion x4kg","9762289790999","0","15200.00","0","",""
"Solitas Aritos Frutilla x4kg","3425798545164","0","12900.00","0","",""
"Solitas Surtidas Exhibic x400g","3769773158725","0","985.00","0","",""
"Solitas Surtido Exhibicion x4kg","2518637051828","2","11300.00","0","",""
"Solitas Surtisol x4kg","3696005097628","4","12900.00","0","",""
"Sonrisas Frambuesa x108g","5423920836513","0","1100.00","0","",""
"Space Mag bolsa x50u","9101411750812","0","3255.90","0","",""
"Space mag flash boll x10u","4662214344312","0","7870.00","0","",""
"Space Mag pote x132u","5275882100048","0","13100.00","0","",""
"Speed Unlimited x269ml","1133886042129","0","650.00","0","",""
"Sport Pop x6u","8985055451838","0","3141.53","0","",""
"Spring Pop comun x36u","5135194988576","11","10500.00","0","",""
"Spring Pop Minions","5559985228028","0","9200.00","0","",""
"Sugus confitado cajita x50g","4842443767453","10","1050.00","0","",""
"Sugus max","4019427079671","0","778.85","0","",""
"Sugus plegado masticable BOLSA x700g","9383085491021","0","6500.00","0","",""
"Sugus plegados surtido espec","4956516071294","0","5890.00","0","",""
"SUPER Juguitos x25u","9142843949873","14","3800.00","0","",""
"Super paleton Manduvi","2163723223915","0","745.51","0","",""
"Super Pico Paysandu","3730624740805","0","436.33","0","",""
"Super Pirulin Paysandu x30u","1760374196480","0","1550.00","0","",""
"Super Tete Codul x10u","1718149691614","9","4800.00","0","",""
"Surtida Bagley x400g","5984416855652","65","2740.00","0","",""
"Surtida Delicias de la n x400g","1850261572999","0","396.18","0","",""
"Surtida Delicias de la Nona Streamer x160g","4282645091319","322","600.00","0","",""
"Surtida EDRA x300g","1829483782639","0","910.00","0","",""
"Surtida Lia x390g","7006821209075","90","1720.00","0","",""
"Surtida Turimar x350g","8531245125419","0","208.92","0","",""
"Surtidas Diversion x400g","8645159524802","7","2050.00","0","",""
"Surtidas Dulces Solitas x300g","5674498545799","0","494.47","0","",""
"Surtidas glaceadas Nogali x300","7858602024838","0","109.96","0","",""
"Surtido Especial bombonera x300g","9462388030956","4","4100.00","0","",""
"Tableta Arcor x95g","5579697951275","0","430.66","0","",""
"Tafirol Resaca x8u","2040955917585","0","3900.00","0","",""
"Tafirol x1G tableta x8u","2312490068694","0","1700.00","0","",""
"Tafirol x500mg tableta x10u","5022038730416","0","1770.00","0","",""
"Takis Fuego x140g","9957059476319","0","3330.00","0","",""
"Takis Fuego x49g","6313953086678","0","1370.00","0","",""
"Takis Original x140g","9599342465760","0","3270.00","0","",""
"Takis Original x49g","6718352172434","0","1370.00","0","",""
"Takis Original x85g","6907576170843","0","2065.00","0","",""
"Takis Xplosion x140g","6121950255461","0","3270.00","0","",""
"Takis Xplosion x49g","8103513678130","0","1370.00","0","",""
"Takis Xplosion x85g","2593702965783","0","2065.00","0","",""
"Talitas Arpan clasicas","1561852893871","52","1030.00","0","",""
"Talitas Arpan jamon","9464010653607","14","1030.00","0","",""
"Talitas Arpan pizza","6532264549341","0","990.00","0","",""
"Talitas Arpan queso","3772562361850","5","1030.00","0","",""
"Talitas Arpan semillas","9046882652487","26","1030.00","0","",""
"Talitas Hojalmar x100g","5583077063336","0","265.72","0","",""
"Tang Anana x20u","3852040694980","21","6350.00","0","",""
"Tang Durazno x20u","5863949318357","21","6350.00","0","",""
"Tang Frutilla x20u","5218072153743","21","6350.00","0","",""
"Tang Limonada dulce x20u","4955282021537","25","6350.00","0","",""
"Tang Mandarina x20u","8853788758722","19","6350.00","0","",""
"Tang Manzana Vitc D x20u","1795459174375","24","6350.00","0","",""
"Tang Mix Naranja Limon x20u","5607645814795","0","6350.00","0","",""
"Tang Multifruta x20u","6547068736754","72","6350.00","0","",""
"Tang Naranja banana x20u","9813353002158","40","6350.00","0","",""
"Tang Naranja Dulce x20u","2641933477094","20","6350.00","0","",""
"Tang Naranja Durazno x20u","6046685912443","9","6350.00","0","",""
"Tang Naranja Mango x20u","5718038931838","51","6350.00","0","",""
"Tang Naranja x20u","1669869263297","52","6350.00","0","",""
"Tang Pera x20u","8580107827640","10","6350.00","0","",""
"Tang Pomelo rosado x20u","1207871807354","36","6350.00","0","",""
"Tang Uva x20u","8427219628861","21","6350.00","0","",""
"Tapita Fantoche x3,5kg","4923519114872","0","14500.00","0","",""
"Tapita Pepay multicolor 6x500g","5966783668041","0","16000.00","0","",""
"Tembleke chupetin acido x10u","9477214725790","0","897.97","0","",""
"Tembleke Reloj x12u","1491124199916","0","7670.00","0","",""
"Tembleke Tremblito","4193985534912","0","133.78","0","",""
"Tic Tac Citrus x12","8756648500991","18","9900.00","0","",""
"Tic Tac frutilla x12u","3895527214437","2","9900.00","0","",""
"Tic Tac menta fresca x12","7480103654651","13","9900.00","0","",""
"Tic Tac menta x12","1726880805843","17","9900.00","0","",""
"Tic Tac mix frutas x12","1148475281885","0","9900.00","0","",""
"Tic Tac naranja x12","3568317417005","8","9900.00","0","",""
"Tita x19g","2256426660212","227","720.00","0","",""
"Tivis FelFort x20u","3121818070422","0","21390.00","0","",""
"TNT chicle relleno x60u","3621525137615","9","3630.00","0","",""
"Toddy Galletita chispas chocolate x126g","3196358668051","14","1740.00","0","",""
"Toddy tableta chocolate aireado x50g","4344313012288","3","2700.00","0","",""
"Tokke x35g.","1211308332337","0","86.12","0","",""
"Topline plegado Defense x20u","3041765264016","0","6600.00","0","",""
"Topline plegado fruta x20u","2523463612406","0","6600.00","0","",""
"Topline plegado menta x20u","9509805178087","0","6600.00","0","",""
"Topline plegado strong x20u","1632610287677","0","6600.00","0","",""
"Topline Seven 7 x16u","9854539714740","0","10750.00","0","",""
"Tornic Juli Croc x65g","5640062971483","97","640.00","0","",""
"Torroncino FelFort s/azucar","6275308908917","0","4944.25","0","",""
"Tostadas Lulemuu arroz semilla","3198051185533","0","1220.00","0","",""
"Tostadas Lulemuu arroz x120g","5804739902670","0","1220.00","0","",""
"Tostadas Media tarde x187g","1508650047611","0","201.59","0","",""
"Tostex galletitas chips chocolate y mani x300g","5531456128231","0","1490.00","0","",""
"Tostex galletitas chips colores x270g","1850266598656","0","1490.00","0","",""
"Toy Box sorpresa x12u","1316658130730","0","3500.20","0","",""
"Traviata Crack Rex Original x96g","4372521858893","40","710.00","0","",""
"Trembly Askirrata x12u","1494424098035","0","6800.00","0","",""
"Trembly Brujas x10u","2164322209302","0","5920.00","0","",""
"Trembly Dino largo x12u","1228201353049","0","8700.00","0","",""
"Trembly DracuLengua x10u","3400203339886","0","3535.56","0","",""
"Trembly x6 gelatina","1845169894217","129","920.00","0","",""
"Trento Momentos x192g","5223615490407","6","5950.00","0","",""
"Trento x16u","8647988386009","28","5600.00","0","",""
"Tri bala x100u","2948481492776","0","4999.00","0","",""
"Triangulito Hojalmar x150g","1537362159754","0","980.00","0","",""
"Trio Anillo Azucarado Limon x300g","3205883302068","0","1150.00","0","",""
"Trio Anillos coco x300g","2424125978217","1","1150.00","0","",""
"Trio Anillos Limon x300g","5821131854957","0","1150.00","0","",""
"Trio Besitos x300g","7602559883958","0","1150.00","0","",""
"Trio chocolatina x300g","7139201852127","22","1540.00","0","",""
"Trio Chocotrio x300g","3813126683085","0","1540.00","0","",""
"Trio Frolitas batata x300g","1989559918359","0","920.00","0","",""
"Trio Frolitas Membrillo x300g","9380159055037","40","1145.00","0","",""
"Trio Glasy x300g.","2563184803059","0","1145.00","0","",""
"Trio Linguini x300g","6886046403373","0","1145.00","0","",""
"Trio Marquise x300g","7426414447843","0","920.00","0","",""
"Trio Mini Pepas x300g","9132376704155","0","910.00","0","",""
"Trio Oskitos x300g","7375074557852","0","1540.00","0","",""
"Trio Pepas Alemanas x300g","5155190734843","7","1150.00","0","",""
"Trio Pepas con chips x300g","8732232023821","0","1150.00","0","",""
"Trio Pepas x200g.","5147116700346","0","470.00","0","",""
"Trio Pepas x320g","5408414139320","2","1050.00","0","",""
"Trio Peponas Batata x300g","3171095793883","82","1150.00","0","",""
"Trio Scons x300g","9489248036014","2","1140.00","0","",""
"Trio Surtidas Variette x350g","7885211378196","0","920.00","0","",""
"Trio Tartelettes x300g","9875527707374","44","1145.00","0","",""
"Trio Tri Chips x300g","5886140463629","0","920.00","0","",""
"Trio Tri Chispas Blancas x230g","1980592160439","0","1300.00","0","",""
"Trio Trichoc x300g","1897843940439","62","1150.00","0","",""
"Trompito azuquita c/billet x50","6596624854374","0","1200.00","0","",""
"Trompito libro p/ colorear","8660387287332","0","698.11","0","",""
"Turron Alteza mani x70g","9708471769576","0","450.00","0","",""
"Turron Arcor x50u.","6477557814079","0","6000.00","0","",""
"Turron con miel Georgalos x80g","5022375202483","0","97.12","0","",""
"Turron crocante Bonafide x80g","4575446922114","0","900.00","0","",""
"Turron crocante Real x200g","4523732431689","0","471.23","0","",""
"Turron crocante Real x90g","8146790432119","0","209.45","0","",""
"Turron de arroz Manduvi","2315175661479","7","2966.83","0","",""
"Turron de arroz Plin x20u","5868414975564","7","3650.00","0","",""
"Turron Fantasia Nevares","5156611314468","0","109.96","0","",""
"Turron Fulbito x50u","4766397128232","10","6550.00","0","",""
"Turron mani Real  x200g","8696373558108","0","750.00","0","",""
"Turron mani Real x300g","6423831623422","0","654.49","0","",""
"Turron mani Rosquinense x250g","4013882141184","0","488.69","0","",""
"Turron Misky x50u.","6363146558460","4","7900.00","0","",""
"Turron Namur crocante x90g","7199390560805","252","226.90","0","",""
"Turron Nevares x50u","9013043867151","0","1328.60","0","",""
"Turron Piñata x50u","3468818343139","0","4781.70","0","",""
"Tutucas x1kg Juli Croc","2443701657041","17","5108.00","0","",""
"Tutucas x1kg Los Rusitos","6438320225543","2","4200.00","0","",""
"Twist Barril","2563107682541","0","2657.21","0","",""
"Twister Pop x8u","3851055825649","0","4886.83","0","",""
"Uni Pop x9u","8598838580182","0","16300.00","0","",""
"Urquiza Bocadito Merenbom 12x25g","6644989061289","0","8800.00","0","",""
"Uvasal x2x5g","7496443828508","22","890.00","0","",""
"Vainillas Mauri x7ux80g","2821339051439","0","420.00","0","",""
"Vainillas Pozo x160g","8568317972434","0","950.00","0","",""
"Vape Ignite V150 15.000p","7186308684987","0","27000.00","0","",""
"Vape Luffbar 9.000p","5053712144589","0","23000.00","0","",""
"Variedad Terrabusi x390g","6092945283506","31","1950.00","0","",""
"VASO Acido Drop gel y gomitas x8u","3601923239755","7","44000.00","0","",""
"Vaso Malvaviscos x20u","3492340516451","16","12000.00","0","",""
"Vent3 Te Paracetamol 500mg sobre x5g","1536585535419","21","1050.00","0","",""
"Vick Vitapyrena sobre","6085052333554","145","1920.00","0","",""
"Vino Benjamin","8517286591981","0","3000.00","0","",""
"Vino Bodega Privada Malbec 750","6678970929156","122","3700.00","0","",""
"Vino Cavic tinto 12x1000","8846317256523","0","15840.00","0","",""
"Vino Otro Loco Mas","3948636233971","0","1429.38","0","",""
"Vino Uvita Blanco 12x1000","8852727298345","78","18500.00","0","",""
"Vino Uvita Rosado 12x1000","9761522515751","0","16400.00","0","",""
"Vino Uvita tinto 12x1000","1576780264719","0","16500.00","0","",""
"Viripotens 50mg tableta x2u","3037748111348","25","370.00","0","",""
"Vizzio almendras corazon x100g","2671381308378","0","872.64","0","",""
"Wacky Monkey x8u","4208115334610","0","20400.00","0","",""
"Watch Chocolate Reloj 10gx30u","7828138779282","1","9100.00","0","",""
"Water Pop x8u","9106416905185","0","15900.00","0","",""
"Xtreme Rainbow Fun x12u","7321967348420","0","5800.00","0","",""
"Yerba Canarias x1kg","2496289373565","0","9050.00","0","",""
"Yerba Canarias x500g","8471021262095","2","4780.00","0","",""
"Yerba Rosamonte comun x500g","8553711373703","13","1100.00","0","",""
"Yerba Rosamonte Suave x500g","2880982977975","0","1100.00","0","",""
"Yerba Soberania x1kg","6862826129483","0","2970.00","0","",""
"Yerba Soberania x500g","5263846787859","799","1490.00","0","",""
"Yerba Union x500g","3313848895950","0","824.66","0","",""
"Zed Candy bolsa x470g","6525946845844","4","8850.00","0","",""